"0","tamaramorrison@hotmail.com","pbkdf2:sha256:600000$w6KZfznfYD48ELrj$ea4b9a2f7872269ea3dce956f31f72e998a5826bc62940b8c1cf84e6197e21b0","Gary","Cross"
"1","woodtina@gmail.com","pbkdf2:sha256:600000$SFzV1hhy0Qr7S34J$9b27c3b84d214b631146bb0b74120ef5247900e31b1de0de6361f97cbdebeae2","Denise","Thornton"
"2","rogersbrandon@yahoo.com","pbkdf2:sha256:600000$Fr6wTy9KyRWi9kg6$f7d8c7c613c16219aed55f33e2eb21eaebd3719b024840d67802ff8a4ff491c3","Christina","Saunders"
"3","davidbanks@yahoo.com","pbkdf2:sha256:600000$H3umm3ZZYjWcF7Zs$bb107f69b942c23840c0488ed72342b2ac8d343619efcd30e98ce5e2d8f6efae","Kathleen","Collins"
"4","samanthasims@yahoo.com","pbkdf2:sha256:600000$OTcfhFqRYwbwU6C3$34477bb28213fcb181b3b8bd55563e815c8309a071895ed242e39235169e4e1b","Timothy","Parker"
"5","amyvelazquez@gmail.com","pbkdf2:sha256:600000$zyKiKVAnkVbYALMM$90384eb433b915dc393e50b089a79e3b60f11250df26a168daaa0e216bd51a48","Dr.","DDS"
"6","dpatrick@gmail.com","pbkdf2:sha256:600000$QUHjzGjTF4m3OD3r$2bcb42f4dca96e2a395b5120625caaa5ad4b67ccb2f1f4db346da6f04eed23bd","John","Gibbs"
"7","huberrachel@gmail.com","pbkdf2:sha256:600000$gxWsdwVWMHtwwg3b$0c0b2833b669e1bcbee8586d7c2d99139fb2c9f8540904eddc3daaedfeb07c6f","Julie","Chen"
"8","karicarter@yahoo.com","pbkdf2:sha256:600000$6NqwBNubpwkWZkba$2dbd32ceb3e1ca14edd0df44afa2823a8aef3ac2403b0be0430bbaae53118619","Ashley","Cooper"
"9","bramirez@gmail.com","pbkdf2:sha256:600000$Zj9dMg6reLPt5CUF$31640bdf5f27f947a5bcf875ca6da5a8c4c270fd788fac01ba336b1f3ca7e888","Christina","Smith"
"10","mcdanielchristopher@hotmail.com","pbkdf2:sha256:600000$i1YAtm83pNEPLD2J$bbd000f00e901bb22dd1d099883ab2dcc32207aaf93ea9a05b3bc17f5bb05a83","Leslie","Taylor"
"11","fcarpenter@yahoo.com","pbkdf2:sha256:600000$5dmCFpiqqzZPcQuP$91b0e067ccad973c7b6431a27c2aefbf250998153b75c1bb3e2cd7bf43b7fa94","Amanda","Schultz"
"12","nhenson@yahoo.com","pbkdf2:sha256:600000$XQhvdoP3T1jOtNpR$e2e08bb928b6d4ab4523f1eba8a5598e7adf12686aaa81890decd7b024d903e8","Kristen","Smith"
"13","taylorjamie@yahoo.com","pbkdf2:sha256:600000$UvnG2cPSEdUtMUWw$5fee2d6b453c4ce90691e906848448c45f2ecd6ed6de414d30ae0b2b72f50cc4","Mitchell","Payne"
"14","areyes@yahoo.com","pbkdf2:sha256:600000$B90fLQoRrW0G7qA1$b80a45898b39343ffb25f9e1786b4dc95f0fd8838220f23a3ed459e858f16919","Katherine","Brown"
"15","zmorgan@yahoo.com","pbkdf2:sha256:600000$CeiAWKqqYS2g1rdj$ebab9df398008a1bc04fed7dda413459998e624226481c6794bd8accbe09fec1","Jessica","Hancock"
"16","rfischer@yahoo.com","pbkdf2:sha256:600000$ZBsOwDeyXdeWrOJM$cd3d5aa70cef23ff284c72c12d8b4a5a3ddb22694e6cc4f62f432911c0efe431","Gloria","Smith"
"17","vasquezkathryn@gmail.com","pbkdf2:sha256:600000$5sMfWKAKpn4qtVtB$5b35013a72e4770ec00fcf60dc1ab82917126f5897c60f4e7219deb6c4393638","Miguel","Shields"
"18","kimberly87@gmail.com","pbkdf2:sha256:600000$mUo8licpa12CGYTA$6fe5574fd99c4034aacb0c5ff950a9c540aaf37d16871a57e9f148ebbf57642e","Kyle","Powell"
"19","wbrown@hotmail.com","pbkdf2:sha256:600000$V7CH1q5AI58At64o$867fcb34ce229903e763f643f50676131bd6b710edfea0bce0ed730d9a643b3e","William","Hensley"
"20","pwilliams@hotmail.com","pbkdf2:sha256:600000$pd4pwnpvSlihivso$7e3206be3adb8a5760793c3cacaff91d0102b65425b256438861c2da63f1c615","Brett","Donaldson"
"21","houstonwhitney@hotmail.com","pbkdf2:sha256:600000$e8PDkIZBRSQeW8Py$6afbac828ff40691b12ce42f5552eb7cf2011a30a385301fa36c3b18de82d620","Thomas","Cook"
"22","pford@hotmail.com","pbkdf2:sha256:600000$rM9re88BXYXcZsHX$7c68e9d621d95ed94a8ce333ecd5a91e45a2265a4bdeda4f424f8b72a8519b9b","Tina","Thompson"
"23","elizabeth32@hotmail.com","pbkdf2:sha256:600000$wvwYMQsq6K28Mlht$5130509cdfad7817cdb4965e8c8aa97e3c59f95733976cd09fd868afa2dac417","Lauren","Walters"
"24","nancy51@hotmail.com","pbkdf2:sha256:600000$RvndOz4p8LIDLIfH$d71a78a1ce709834e40bea8bc8be558f90a6d90c8e75bd535a983821fb66e152","Troy","Hawkins"
"25","danielrobles@yahoo.com","pbkdf2:sha256:600000$2UXAjN7yd8lQ6f5q$6997500991474a6f6470a7f8743a4c408abf20f5efe3bb979f7ba04d4e6a8af1","William","Bray"
"26","griffinpamela@hotmail.com","pbkdf2:sha256:600000$ZoCQ5k1uA4rQxCQK$ed6ade86f052b855e1ec925c9ddc60bd05f1efdb2ef8ac66767699851c4b8aac","Melissa","Wells"
"27","qmyers@yahoo.com","pbkdf2:sha256:600000$JCshzpDftAMGlAJp$abee0108de6461c6af325d50e01ba89e279fd5cecb814a098b94eb9994ab77a9","Amy","Sanchez"
"28","jeremy94@gmail.com","pbkdf2:sha256:600000$vsRNyGL7NW2lsINI$5a91dc5657a508b7ec5daffe61f5de482da80eb49953f173940cde51f17cd208","Joshua","Jones"
"29","wendysteele@gmail.com","pbkdf2:sha256:600000$T5B3gOD4UNHeY6M7$035263d75fb54d185c17454213e214226ce87db9a38770d6b1d98c26574b9659","Zachary","Garcia"
"30","hartmanrobert@hotmail.com","pbkdf2:sha256:600000$eqAwlkmjfVo86FPY$364f2b5f67226cdc40e0ced02ed210d41add2d10e4e1102f00f83641146b0cd5","Kim","Ortiz"
"31","martinezchristopher@gmail.com","pbkdf2:sha256:600000$kUyPSsbXIKY3S8a6$73324064b2f2d4de01d14c8244a5b8e4059a06cdc41cbd84c92230815b6dbeda","Kristin","Ibarra"
"32","qstark@yahoo.com","pbkdf2:sha256:600000$3KvRQ0bnqlwMdGZM$e6c936722d9b32d0c7f85535dd4227b43c2fecec02952faedf3e7e99c4b5e9e2","Eric","Taylor"
"33","waynebarnes@yahoo.com","pbkdf2:sha256:600000$tff5YdOeBqHhRckR$9f8d6d45cf536dae3f13940eed83042edf6bde9ee994def218012f527590b145","Daniel","Mccall"
"34","vschneider@gmail.com","pbkdf2:sha256:600000$iqrn3exQLsh25lnt$8d74e231b9b38cd45493b905d54b37f6d888ad5dd283dfb4098c1521cc924563","Brian","Kelly"
"35","ostone@gmail.com","pbkdf2:sha256:600000$5FMB6aVvRySMgyJW$501e5ae7c7ecfccca6b920798db73969d28d1f82ccc7612085bd92cc7c256f70","Abigail","Hoover"
"36","blewis@hotmail.com","pbkdf2:sha256:600000$sPfLluUPKFNbHJbn$fb7e2b46a811c0ee3536118d823519aff2516cd591367f0f3649adec36fe6318","Ashley","Williams"
"37","hbrown@gmail.com","pbkdf2:sha256:600000$gZeUgFrT8azP8eIx$ce4672b17147fc458fbbf3508152b98c8715c67cf504023d14aed19ce4affb86","Edward","Hill"
"38","joylowe@yahoo.com","pbkdf2:sha256:600000$QtDgHC5FoIv4tfkR$8214276d3a71e60d746603616d007c569200fbed5471a89c0c46360bd6243bc0","Chad","Bridges"
"39","sandygarcia@gmail.com","pbkdf2:sha256:600000$6kO0rhDMAUJ34c0x$1d0dc8d7ddce6d19ab025f64ad4272b7a83caee4a64064ac5193147b83170624","Dalton","Fritz"
"40","nbaker@gmail.com","pbkdf2:sha256:600000$yZDOGJ7CdGQcJDyB$4ba2be6e30cbfe239cd61aaa2c539088375146ec05f2e470cb9b7f42b8b8728e","Erica","Vega"
"41","jenniferbaldwin@hotmail.com","pbkdf2:sha256:600000$UOA2g5YG8aSy97Ix$791863aef6a7a52f0f52d862d3126eaf428d5a52ddedfd9b49a61c08323f21d3","Dawn","Russell"
"42","codyherring@hotmail.com","pbkdf2:sha256:600000$I8FzwUw3alK2phys$da3076bea9fa0ef1549f379aafc66703952c3c38d6fdeb2ded9d00c1115d5c32","Erica","Le"
"43","tgilmore@yahoo.com","pbkdf2:sha256:600000$Xl1oicsnXyXbTxh7$bb5576fb4c4a1df6dae91313b1065e7a58f732deacbbad3337e1da1842785d90","Kenneth","Castro"
"44","justinbonilla@hotmail.com","pbkdf2:sha256:600000$KW89BEe4GbSv5rE2$e4dac32972327a8c3fe69f3170aa82afb451f84ae25da4e1f35b60ab1ceaaa4a","Daniel","Patterson"
"45","webereric@hotmail.com","pbkdf2:sha256:600000$3Ol2GXTnkKKL8XOn$178d60465b266625a22dc8080e22b06a0c31f4c3fe5de490058a8699dc055b26","Douglas","Yates"
"46","denisetaylor@gmail.com","pbkdf2:sha256:600000$plXnnBonQYa3tdyD$2589ed13cc5d7108cef49395cbcb016630d670d57ccc9a0224a747207408ab56","David","Steele"
"47","jyoung@gmail.com","pbkdf2:sha256:600000$y3uYd05Ab1lcWE84$e0fa1f3503f79ac0cb5927253cce798f6b015413c75aef01c73153485fc181ff","Christopher","Green"
"48","upeters@hotmail.com","pbkdf2:sha256:600000$3Pd5BNFDA5BP3X1z$99036a31970c4b94f7844567cf6935ddb411011b155da1da292a8e8decc0cc9a","Maria","Valentine"
"49","torreskyle@hotmail.com","pbkdf2:sha256:600000$fRWhJmGOAx9adCKC$a8e837f1f6e9caba283cde06bfd2a1f8100b5b76dbc9dfb487a3cbd04cd0316b","Beverly","Taylor"
"50","christopher91@gmail.com","pbkdf2:sha256:600000$jm0FsahAf3xM5OZF$dee8e676bd07e75c0c39c5ff8693da38539f68a8bf17b8a9f2aad8b2565ff185","Kristin","Alvarez"
"51","yolandabraun@gmail.com","pbkdf2:sha256:600000$9V72wafJUgP0mpka$2432c5176bc6229b74a7268c65c246a526b2c990564ecb379d89a4c170209e91","Scott","Lawrence"
"52","olsonjohn@gmail.com","pbkdf2:sha256:600000$GwnXjutTUQB336td$748fa8fdbe2f65391899ffd634d6e14afcf343789d2ebe04d2b543cc3ac4a254","Perry","Jr."
"53","erin71@yahoo.com","pbkdf2:sha256:600000$3PEqOLo5dVLMbj7L$132c7e8a7710bd098bd06fc3361cb7bfb5db2f41eb4e47d1f88d0b3a78ff5282","David","Rivera"
"54","kelly22@hotmail.com","pbkdf2:sha256:600000$oFAYAJKkl1vI2EG3$fcedb3f55bb95248dd8927c46bf46b22e7373f6e6237abd2a41e45fc179e9890","Shannon","Rivera"
"55","beverlysmith@yahoo.com","pbkdf2:sha256:600000$nr0Vb1kyEtcMW1jx$dde986545abaa7cca52c7ea3e58955896e80da255a86072c524d206aad68a553","Katherine","Smith"
"56","ktucker@hotmail.com","pbkdf2:sha256:600000$8b7GeuU3TIGmJ97S$e1fefae878cc9d79c4e602ef388f4e1817f3a0ce69a8aed73ccd5ba0d09189df","Elaine","Morris"
"57","gordon43@hotmail.com","pbkdf2:sha256:600000$u5P01f8YgsALQF8N$fff9e400e1de2b56e23f34adafb14b0d75d00ac8152bbe137e58be319d058c29","Wayne","Reed"
"58","kennethwashington@gmail.com","pbkdf2:sha256:600000$p8SrFnpibg7xOT3O$4486b29d6c96856ae809bcf0c1016574d52e008a133599fe2a8196b33e685a36","Jennifer","Marsh"
"59","zharris@hotmail.com","pbkdf2:sha256:600000$1IQhjHFjwMXZabEF$ac3e68dde5e54f9b52c7637ecba7dd337275a432ef029c2dfb5a9c5de764bdad","Richard","Haynes"
"60","davidlewis@gmail.com","pbkdf2:sha256:600000$nMWxjsf8LqsdwFqR$71f0d68d372c1f4c7d18be1291daeb52b06af1610f01fba021516d6be4c6ee02","Sean","Jackson"
"61","joshuakent@yahoo.com","pbkdf2:sha256:600000$OCsuBa7rOtbwgysX$bfceb8b50c8dfac4b22142f6d8dfa3d04c113a15cb5f787c53188776e425d25d","Billy","Graham"
"62","tammy10@yahoo.com","pbkdf2:sha256:600000$vMChLHWR4iqLBapZ$167f29ccfa75dfc6e13341423f5861bfd25a210ab7635571963b6a4185388d5f","Christopher","Mitchell"
"63","christianhernandez@gmail.com","pbkdf2:sha256:600000$20U95kySDq1ApIY6$623ee01a68026a5636322e235f83df21c794f80b5a8838204b4e6f4352200c26","Jeffrey","Griffin"
"64","randallwendy@yahoo.com","pbkdf2:sha256:600000$mvEU0n0Q0FPQTkIi$4ea399c745425df922e19066a566b54f05baf4386f78cc569669dba12698ed1d","Chase","Foley"
"65","heathercrawford@yahoo.com","pbkdf2:sha256:600000$vJfEvVgQ9M3OTKQ9$29c484c90ebb8198bd46d5e00a1b1ec1f63fa25a5131a91bf12f447bf24411bf","Matthew","Cisneros"
"66","pauldiaz@gmail.com","pbkdf2:sha256:600000$BWpbQ59SaJWLy8Do$1963710bb3387f97425717a7e7a3dcc91b21b9b8870a488ddee41d57af4123fd","Tyler","Pace"
"67","victorlewis@gmail.com","pbkdf2:sha256:600000$EdZjq8Ll4LcPX94O$e200d00ccb0d8b4fe89a6494debba725d851f11da57db2476240ffcaaa27c707","Matthew","Beltran"
"68","armstrongcolleen@gmail.com","pbkdf2:sha256:600000$vXrOk1nZ7LqwJ1MD$fbdbc68dfb58239d3c799d4669e8e4c5181bd7ef2df3dbf114e29b57662db35c","Sandra","Powell"
"69","mwade@hotmail.com","pbkdf2:sha256:600000$w5Y0hCgmG4BqpyDB$998b99769b8fb01e867415b794af611c9d25afa54a596c45c2b3f29daec5e005","Matthew","Jones"
"70","kristinperry@yahoo.com","pbkdf2:sha256:600000$i9IdvW152DURCSWJ$fff8dbc3cb75f8e9b4ee4862c5be4656f54627cf9d6398248fc6e2a5e8aee805","Jacob","Roy"
"71","cbrown@yahoo.com","pbkdf2:sha256:600000$bFpjotNxVy9ZsQO1$1d86e81150c58678dc2131e255f063e10057620368581ff8f8733719cc1d6cdb","Shannon","Boyd"
"72","patricklopez@hotmail.com","pbkdf2:sha256:600000$5JJqKAXV93QMqFAd$0057613076ba3f4836310a0a75786371aff6a6e62ec9ea760ec5c4f7d588b92c","Jessica","Wilson"
"73","osanders@gmail.com","pbkdf2:sha256:600000$V1nU4VjfFSyw0O8B$b135aef372a8865a07506cef437baaaf7ab59c20ed90273376432c3881a8380b","Keith","Ramsey"
"74","sharon91@hotmail.com","pbkdf2:sha256:600000$Ia74wLiEEgx4kHT3$af33e5318ffb34ec7b607f57006b2fc10e1cd6b9a3122256d41f85dfb9a73801","Lori","Dominguez"
"75","privera@gmail.com","pbkdf2:sha256:600000$eZn5nzoFwtihrErv$19f87254d3df57bcf0fa73018d80ab0980e5d7045962bf0617edbce73ac45bab","Patricia","Pearson"
"76","brian64@yahoo.com","pbkdf2:sha256:600000$Cutzac4LzWZ6B6Nb$72d141fb895922852c47d8a2a25dfd3fb485bb5f85deb5d820da1d52f0487f77","Alan","Pineda"
"77","diazfrank@yahoo.com","pbkdf2:sha256:600000$wlOWOBpqDpgCsqis$892f96a957d1f1fd743782b6138c6847921657b95997b10cfaf2b3dbdd34fe54","Jamie","Clark"
"78","qferrell@hotmail.com","pbkdf2:sha256:600000$W2ZMR5Z2nJrOfMph$b0d805569858f00b637df7e32a50d8314e49d6c4e6635ab1b0fc715976ab13ea","Tracey","Bartlett"
"79","patrick19@yahoo.com","pbkdf2:sha256:600000$L7wRpL0eEMSQCMLk$53a10e9c771acf585afc725489da25dc61ed0c0aab91931ef5b6dcdd071ac9a5","John","Coleman"
"80","derek56@hotmail.com","pbkdf2:sha256:600000$YTNOIDjYWjd7t79f$8698fc1f02d2141dc322a1d50d8ad937a5eb2ac77f33f164283690a9a8ff5956","Edward","Ochoa"
"81","jacob95@gmail.com","pbkdf2:sha256:600000$7FgYZlNt6lC5eXuC$725ee70efff89feb2af26f4b8ce77b1e2f807d6d746926d0ee53302a5ba8f4d1","Sheri","Jennings"
"82","ppatel@gmail.com","pbkdf2:sha256:600000$2rjKu123yUEHO2Gc$02587b398262012e1d19db682a71e76a1b1e6a302299a591de27a3cfda87f503","Deanna","Holt"
"83","nicholasmorgan@hotmail.com","pbkdf2:sha256:600000$Aro7esVr7oIgQenE$79b6e423b5256657b0227303bd05d31cdd6590e11411a6be115788ef499a929f","Larry","Palmer"
"84","dwells@hotmail.com","pbkdf2:sha256:600000$iYpasxmaRkrSHzmr$750b38221b6eb9fd870954115e656148b1294aeb63f03196280fb9f9cf3ef6fb","Kristina","Higgins"
"85","amyporter@yahoo.com","pbkdf2:sha256:600000$0p4Btqjb3JH7VFkI$ce64d4a2dda51d9ac69675815d630a1b6bc9f05f8a66ab19f6750c83261dd58e","Shawn","Matthews"
"86","lindseylynch@hotmail.com","pbkdf2:sha256:600000$wtP8MYu71mDwzuT8$e6940b0a095ccb725068d868a2dcecf1949098d7b461d7f7878bc239396cd024","Leslie","Pugh"
"87","lcollins@gmail.com","pbkdf2:sha256:600000$4xaSPIqwqBZdYWNe$221c9b9e4ec3e42972d3f81b961f40285b8268661d35282e4048a795e2010167","James","Rodriguez"
"88","john71@hotmail.com","pbkdf2:sha256:600000$H51KfGTzrfCgHWOV$0a2bb3636ce73fbca6f3f63835de19ad79c8bba351c41a3243f5f27a9d6758e3","George","Butler"
"89","deborah72@hotmail.com","pbkdf2:sha256:600000$Z7Gxmc31k9e3DtUE$2fa1af9a60a00ec5ef821b8b311d3e90e043efe3ca27a9e4bc0c1c00a07b25ca","Shawn","Gregory"
"90","irwinwyatt@gmail.com","pbkdf2:sha256:600000$TlIwLjQmqZwSmUvx$2ad77cd66bc7c5aec4d0767c29e76d58ce87b5551d359e47aef6d09130ef4b16","David","DDS"
"91","pbrown@yahoo.com","pbkdf2:sha256:600000$vzUYl1vNWcneWDW0$ca96d6f1f64863172814ac9c8f4a687b0634afff8713b03e897ea5681d6a2942","Mark","Chapman"
"92","elizabethyang@gmail.com","pbkdf2:sha256:600000$FImZH4coe7h6gx0t$b11ec911a81eb848d38d604641edec03aad3c949be4e29a4e0bb2f7367e66f7a","Savannah","Miller"
"93","zwilson@hotmail.com","pbkdf2:sha256:600000$K8ouukKAjLlWSgKv$98741ef4cd05fa3c046660946ee1a9a45ca32347f98543ee1250081cdfeb9369","Matthew","Doyle"
"94","drakefrederick@hotmail.com","pbkdf2:sha256:600000$Z1RGSpMbOVNVDzt6$9335aee2b003e0f002bf1e16c1f7d9d2e3f29dfa11237898c128630f845bebb2","Daniel","Carter"
"95","mforbes@yahoo.com","pbkdf2:sha256:600000$3i45xx11LBCkyuaF$965a15089eda90c0ea0bc6365aa7733cb2f6faa4e56d7bbb44aa036fce22b259","Donald","Ponce"
"96","hillshelley@gmail.com","pbkdf2:sha256:600000$02WuqStvHGMFsj1D$58781fdd7f2116508055593e4b9427f1da94bcf3b8cc8f79d819d8da690d3d33","Dr.","IV"
"97","brittanymendoza@gmail.com","pbkdf2:sha256:600000$nKUjNczNOn5N5HpG$14d04edbc9473f95e5d9ebc318f087596c9125863ed504e60e846d86937efd4d","Adrienne","Friedman"
"98","taylor42@yahoo.com","pbkdf2:sha256:600000$8NORmdGpRrxlJcsY$fca0be1d102cea5aa7bb1b53153523de8641d69fe4655e6a8611a5d8dbdb97bd","Justin","Adams"
"99","jacksonlori@gmail.com","pbkdf2:sha256:600000$qhUtKFarGycwmZih$1841ff34b4ec3573198719dff5ec591e6ad9c9d38f3b8234f90becd234e43da0","Michelle","Welch"
