"0","Reflect onto prepare those admit","202.37","false"
"1","Contain heavy upon require","414.94","false"
"2","Else wish peace know","122.24","true"
"3","Red about perhaps green","379.07","false"
"4","Claim Mr force","315.10","false"
"5","Always follow","58.13","false"
"6","Tree visit here give","308.73","true"
"7","Play crime produce","280.00","false"
"8","Shake agree","2.09","true"
"9","Leave speak behind student","81.70","false"
"10","Yes hard clear","450.59","true"
"11","His performance watch sign","444.74","true"
"12","Occur surface","225.20","true"
"13","Analysis health business","212.63","true"
"14","Cover thank","90.58","true"
"15","Individual carry pick room","71.89","false"
"16","Buy movement","363.31","true"
"17","Professor show","464.05","false"
"18","Half firm fish","301.06","false"
"19","Often usually","350.75","false"
"20","Check condition maintain strategy","69.05","true"
"21","Girl sure fund","136.74","false"
"22","Position fish admit","336.60","false"
"23","Quite crime administration","250.98","false"
"24","Account have south thank","331.71","true"
"25","Cover since various computer","130.12","false"
"26","Nice care scene","233.52","false"
"27","Use still successful south","372.11","false"
"28","Film marriage write in","206.60","false"
"29","Allow example model","463.40","false"
"30","Majority past camera almost","361.13","false"
"31","Able discuss beyond","197.53","false"
"32","Single address","147.71","true"
"33","Star member","136.19","true"
"34","Down sit base","453.28","false"
"35","Age series","387.45","false"
"36","Possible theory let pattern","311.00","true"
"37","Design whether available everyone","405.14","false"
"38","Question religious herself bill","208.06","true"
"39","From race street perform","123.80","true"
"40","Tv direction job","441.81","false"
"41","Poor list TV subject","338.48","false"
"42","Any turn blue college receive","395.96","false"
"43","Reduce find beat","233.81","true"
"44","Reflect stage visit","426.81","true"
"45","Charge recognize home create","249.47","true"
"46","Set special","13.52","false"
"47","What sign memory","278.71","true"
"48","Government society at","177.04","true"
"49","Position story sense painting","33.65","true"
"50","Figure home officer son walk","202.52","true"
"51","Street six price sort","253.99","true"
"52","Attention natural","285.34","false"
"53","Control local even","137.95","false"
"54","Pick very","413.65","false"
"55","Partner better turn factor","112.56","true"
"56","Material person cultural","221.32","true"
"57","Of perform something","339.97","false"
"58","Agreement former phone","246.51","true"
"59","All key develop suddenly","276.91","true"
"60","Accept popular line stage","110.65","false"
"61","Moment thus bar smile","450.31","true"
"62","Middle camera program","299.93","true"
"63","American case power teacher","261.40","false"
"64","Let party explain big list","483.95","true"
"65","Best mention","264.74","true"
"66","Four into lay game huge","247.98","true"
"67","Top road season course","65.19","false"
"68","Visit rather she trade","153.96","true"
"69","Foreign though during admit","68.27","true"
"70","Interview rule bag offer","132.73","false"
"71","Themselves purpose seat","484.00","true"
"72","And again","116.64","true"
"73","They garden through sport","222.70","false"
"74","Social similar attack finally","336.16","true"
"75","Staff style win","344.58","true"
"76","Though seat meet","346.73","true"
"77","History hotel leader","422.74","false"
"78","Board data newspaper I","496.82","true"
"79","Too sell hear party sure","268.97","false"
"80","Situation full north","209.04","false"
"81","Lawyer indeed response doctor watch","383.31","false"
"82","Today north throughout","243.94","true"
"83","Finally turn mean","332.99","true"
"84","Safe feeling","306.62","false"
"85","However industry buy score general","48.85","true"
"86","Environmental item majority","327.52","true"
"87","Behavior recently court leg","253.01","false"
"88","Station by long painting","385.79","true"
"89","Development painting course else account","242.52","false"
"90","Mission care set within","326.66","false"
"91","Same food base","435.68","true"
"92","Study image education career","95.12","true"
"93","Whose although beyond","209.36","false"
"94","At right","460.68","true"
"95","Professor past","94.54","false"
"96","Others home job","42.17","false"
"97","Sure late","367.36","false"
"98","Whether operation necessary some color","423.01","false"
"99","Three prepare","116.87","true"
"100","Listen prevent point glass","322.74","false"
"101","Population develop amount mouth","315.42","true"
"102","Kitchen carry movement","232.92","true"
"103","Line attention take","142.59","true"
"104","Foreign indeed within example research","339.95","false"
"105","Rest raise nor your education","73.93","false"
"106","Key many actually business","88.14","true"
"107","Improve culture represent","39.64","true"
"108","Within middle name","106.78","false"
"109","Town town present","61.78","false"
"110","Draw find action with try","347.74","false"
"111","Pass arm couple building","23.19","false"
"112","Create with teacher establish","491.13","true"
"113","Brother spend ahead action","495.76","true"
"114","Say event number","244.40","true"
"115","Billion past deep network","95.16","false"
"116","Challenge whether past","97.27","true"
"117","Recognize she father despite","78.17","true"
"118","Ago such begin body","361.71","true"
"119","Indeed drop believe let","76.70","false"
"120","Run nice stock success","169.51","false"
"121","Green name list","233.83","false"
"122","Hundred country how down final","7.07","false"
"123","Level rule stuff police people","96.28","true"
"124","Wait movie adult","433.09","true"
"125","Financial wall beyond","118.59","true"
"126","Minute question few","298.98","true"
"127","Doctor would natural","231.03","true"
"128","Onto would","48.64","false"
"129","Hospital effort store current","288.01","false"
"130","Product yet television","442.38","false"
"131","Care method wide scene upon","30.86","false"
"132","Fall bit nation reach","272.18","true"
"133","Role agency lose sing","325.22","true"
"134","Possible chance manage position","484.20","true"
"135","Moment soldier around oil college","247.39","false"
"136","Nature brother on agency part","487.07","true"
"137","Social protect style others response","164.40","false"
"138","Spend even happy whose","104.86","false"
"139","Free product","48.83","true"
"140","Political natural road","230.38","false"
"141","Company already discussion service technology","365.43","true"
"142","Carry investment mean wife","34.65","true"
"143","Environmental shoulder","106.64","true"
"144","So provide old clearly","7.16","true"
"145","Factor describe theory","384.05","true"
"146","Travel include that real","391.66","true"
"147","First street today hospital lead","497.15","true"
"148","Show church such","188.56","false"
"149","Analysis hope safe","322.01","false"
"150","Media bed win","179.29","true"
"151","Bed color station","298.82","true"
"152","Avoid positive","407.71","true"
"153","Democrat with nature property bank","410.65","false"
"154","Foreign interesting hold level audience","378.09","true"
"155","Suffer process radio something","341.36","true"
"156","Certain country","272.05","false"
"157","Special current each","74.95","true"
"158","Crime son yes","40.30","true"
"159","Break save society least","443.18","true"
"160","Yeah employee per","278.38","true"
"161","Conference around commercial","336.83","true"
"162","Former join base","98.20","false"
"163","Let of","348.37","true"
"164","Ground everything develop role","42.30","true"
"165","Someone prepare business our","479.48","false"
"166","Nearly play success role partner","253.55","false"
"167","Sell present community direction today","49.88","false"
"168","Business team audience","244.19","false"
"169","Tax appear moment","256.23","true"
"170","Important second computer cold event","221.29","false"
"171","Should morning none","216.11","true"
"172","Data money fall","344.78","false"
"173","Watch for others","486.23","true"
"174","After piece news Mrs","219.07","false"
"175","Along after somebody local","351.50","false"
"176","Impact particular central","389.38","false"
"177","Author civil stage possible","185.77","true"
"178","And black Republican sort","192.20","true"
"179","Wonder make","373.30","true"
"180","Consumer help area piece","424.12","false"
"181","North speech reason","393.59","true"
"182","Election line meet","268.94","true"
"183","Particularly indicate small become","289.66","true"
"184","Policy minute dinner at","198.97","false"
"185","Story the partner positive single","338.92","true"
"186","Sister yet fast","167.72","false"
"187","Class class at former","497.68","false"
"188","Yeah save tonight million themselves","73.00","false"
"189","Doctor ability security","100.63","false"
"190","Cover debate decade table visit","1.33","true"
"191","It only method rate","496.02","false"
"192","Blue remember account","390.50","true"
"193","East choice mind","118.51","false"
"194","Goal pretty fall clear","442.08","false"
"195","Develop fund building hand","185.82","true"
"196","Professor drive team into","29.43","true"
"197","Put entire PM able","313.90","true"
"198","Language lay area","200.70","false"
"199","Break sort","47.29","true"
"200","Skill white play affect significant","136.09","true"
"201","Especially class already","194.31","true"
"202","Himself sign again","380.48","false"
"203","Than occur occur","465.32","true"
"204","Item debate him alone","433.00","false"
"205","Mean performance act across expert","430.27","true"
"206","Book wonder development","316.98","true"
"207","None many house","296.85","false"
"208","Season audience","393.34","false"
"209","Successful pretty knowledge human","153.79","false"
"210","Enough responsibility","395.23","false"
"211","Left land rate consider","365.99","false"
"212","Far couple none community","214.02","true"
"213","City mother last score","203.16","false"
"214","Miss Mr","130.66","false"
"215","Interesting eat be","15.82","true"
"216","Hard stock fish road young","85.81","true"
"217","Nearly born herself how","217.41","false"
"218","First himself idea","48.24","false"
"219","Majority help","344.50","false"
"220","Camera two enter will","347.73","true"
"221","Avoid Congress list","88.26","false"
"222","Station team clearly so","83.25","true"
"223","Trial generation","88.65","true"
"224","Of instead tonight yet","304.66","false"
"225","Control major","199.03","false"
"226","Important much loss","90.14","false"
"227","Might people recent family","205.49","true"
"228","Seven might opportunity","261.32","true"
"229","Responsibility life","279.11","false"
"230","Whose model","294.20","true"
"231","Quickly involve year","18.31","false"
"232","Wear each","163.23","false"
"233","Authority position recently site","45.68","false"
"234","Opportunity mouth","334.59","false"
"235","Than two","398.60","true"
"236","Cause computer","456.14","true"
"237","How white visit","419.94","true"
"238","Short space morning movement","422.64","false"
"239","Tend art people","321.48","false"
"240","Would reveal all","237.63","true"
"241","Agent ok see civil forward","397.59","false"
"242","Soldier human they","28.99","false"
"243","Arm require open popular","337.61","false"
"244","Stop bill southern","497.14","false"
"245","Develop health billion region happen","487.64","false"
"246","Tonight my","435.54","false"
"247","Organization top through technology","451.12","true"
"248","Two technology get","58.55","true"
"249","Present authority son will rate","465.21","false"
"250","Include explain building","352.38","true"
"251","Today book support size","81.44","true"
"252","Dog management free","285.56","false"
"253","Eye after beat entire","451.73","false"
"254","Out purpose whole place","205.36","false"
"255","Organization arrive know contain","127.95","false"
"256","Quickly piece value education","428.33","false"
"257","What professional peace seven full","449.13","true"
"258","Find wait","111.79","true"
"259","Believe middle in","188.45","false"
"260","Learn west happy increase","20.64","false"
"261","Natural we provide","481.52","false"
"262","House prevent check","96.19","true"
"263","Performance such movie address","388.13","false"
"264","Impact explain civil positive","376.05","false"
"265","Finally effort skill assume","160.14","true"
"266","Decision camera","205.10","false"
"267","Nice certainly such imagine also","258.27","true"
"268","Ability garden rather form","353.82","false"
"269","Practice four stay would","474.70","true"
"270","His can already","394.72","false"
"271","Leg quite improve","227.07","false"
"272","Imagine reveal after","112.16","true"
"273","Science green","373.05","true"
"274","Continue certain drive public food","350.46","true"
"275","Should notice market","62.15","false"
"276","Style might evidence","219.26","false"
"277","Program space high about wish","186.71","false"
"278","Development edge","317.73","false"
"279","Cultural view together","42.88","false"
"280","Security add service activity","465.16","true"
"281","Probably commercial brother head","431.70","true"
"282","Need friend do among themselves","422.82","true"
"283","Make arm always","217.69","false"
"284","West player bar military","252.22","true"
"285","They join","73.02","true"
"286","Tax relationship determine","298.94","false"
"287","Choice author serve","270.97","false"
"288","Short always how","295.79","false"
"289","From purpose whom health","105.96","true"
"290","Again former fine dinner near","173.42","true"
"291","Seek charge friend","457.48","false"
"292","Sense play system he","171.00","true"
"293","Your vote","443.74","false"
"294","Pm source clear dog fast","362.15","true"
"295","Less enough how important","218.44","true"
"296","Animal enough southern particular institution","233.44","false"
"297","Very it eat likely town","474.39","false"
"298","Cold firm push","428.79","false"
"299","Course or charge trouble within","2.08","true"
"300","Condition reduce","134.89","true"
"301","By can this will right","155.33","false"
"302","President cut table boy her","137.18","true"
"303","Early shoulder blood left","105.78","true"
"304","Plant audience owner ok stock","187.67","true"
"305","Agency class campaign such","41.95","true"
"306","Those rise this network","298.19","true"
"307","Participant hope","241.74","false"
"308","Building reduce pass gun","80.15","true"
"309","Now until buy","389.68","true"
"310","Report level","240.62","true"
"311","State early","175.28","false"
"312","Buy college next son","208.74","true"
"313","Law cell contain bring","256.83","false"
"314","Fish either society write sit","115.73","false"
"315","Fact economic never sort","265.31","false"
"316","This story room recognize","333.78","false"
"317","Section reveal walk","238.19","true"
"318","Drive inside nice","212.08","true"
"319","Identify close now yet","451.80","true"
"320","Cost room blue media network","29.37","true"
"321","Skin event season quite affect","344.23","false"
"322","Somebody nor energy eye week","84.82","false"
"323","Him professional","56.35","false"
"324","Light why","309.98","true"
"325","Book least sort","408.90","true"
"326","Mention treatment imagine","89.35","false"
"327","Suddenly major","493.67","false"
"328","Only easy","453.74","true"
"329","Young compare kid themselves road","319.71","false"
"330","Old pick charge person","372.72","true"
"331","A require suffer agency nor","362.64","false"
"332","Fact drug follow life","288.59","false"
"333","Activity sing","201.90","false"
"334","After build then","200.45","true"
"335","Sport former bag news especially","40.91","false"
"336","Speech music","112.29","false"
"337","Move add standard south","211.51","true"
"338","Affect choose great","467.85","true"
"339","Front decade remain up","317.07","false"
"340","Some friend cold","250.32","false"
"341","Box letter","378.59","false"
"342","Himself business","306.08","false"
"343","Red store carry conference","352.44","false"
"344","Believe impact product","413.26","true"
"345","Study share agree","181.59","true"
"346","Total action can process","146.87","true"
"347","Everyone white staff","288.33","true"
"348","Seven heavy music time option","370.35","true"
"349","Clear film often realize account","283.50","true"
"350","Cold indicate there character","362.15","false"
"351","Upon scene natural television","155.21","true"
"352","Rise participant","206.52","false"
"353","Share push kid","292.14","false"
"354","Data wife send recognize","2.86","false"
"355","Medical usually east chance","361.68","false"
"356","Under machine","96.50","false"
"357","Reflect shoulder every to","90.72","false"
"358","Now indeed","466.73","true"
"359","House market tree","14.21","false"
"360","Good follow develop pass prove","367.05","false"
"361","Option my serve","46.68","true"
"362","Talk begin recently laugh","375.27","false"
"363","Medical hour","369.88","false"
"364","Memory number crime reduce area","146.66","false"
"365","Four him suffer lawyer","240.93","true"
"366","Not worker","140.51","true"
"367","Assume small total then","5.50","false"
"368","Some whom program","274.67","true"
"369","Decide family present likely wind","98.96","true"
"370","Your system leader half","159.83","true"
"371","Usually wrong","287.33","false"
"372","Book stop letter response","461.46","true"
"373","Particular building end return","140.93","true"
"374","Difficult car","196.25","false"
"375","End significant card coach","147.98","true"
"376","Other her","272.16","true"
"377","Hold no create themselves upon","196.41","false"
"378","Time you man","404.38","false"
"379","Sort add religious","398.32","true"
"380","Young significant","292.22","true"
"381","Someone boy explain especially tell","371.45","true"
"382","Candidate officer rate detail voice","134.74","false"
"383","Firm tax win look","281.13","false"
"384","Between animal raise bring those","345.07","true"
"385","Scientist let look sister gas","148.56","false"
"386","Wide house","484.17","false"
"387","Old week eye ok couple","183.44","false"
"388","Contain suddenly between why","368.69","false"
"389","Artist customer owner decision","499.55","true"
"390","Particular sound difficult effect","352.95","false"
"391","His whom suddenly fine","119.33","false"
"392","Response young group","69.56","false"
"393","Mission never","41.07","false"
"394","Time keep herself myself","327.19","true"
"395","Pass painting","172.26","false"
"396","Spring message focus kind","478.93","true"
"397","Lead federal","165.26","false"
"398","Sea teacher among garden","299.62","false"
"399","Partner process know","328.89","false"
"400","Month bit no person off","467.60","false"
"401","Avoid cup","454.82","false"
"402","Describe need eight","195.24","true"
"403","Level why almost","340.41","true"
"404","Range prepare player","126.88","false"
"405","Consumer your","128.14","true"
"406","Evidence agree across cost crime","326.32","false"
"407","Affect message body perhaps","300.31","true"
"408","Doctor artist whom value analysis","333.20","false"
"409","Choice dark tend loss term","158.84","false"
"410","Market moment","286.37","false"
"411","Partner vote out","447.49","false"
"412","Stock play","52.02","true"
"413","Personal fast answer","114.65","true"
"414","Real around soon stay","156.59","true"
"415","Government throw peace long policy","289.09","false"
"416","Visit employee","50.50","false"
"417","If occur bit what provide","465.73","true"
"418","Until push story poor according","310.26","true"
"419","Everybody and build grow coach","263.27","false"
"420","Allow mission sea","477.85","false"
"421","Nice everyone","320.68","false"
"422","Team other alone","234.96","false"
"423","Less understand skill bit","171.80","false"
"424","Response option instead full","476.69","true"
"425","Mr case hand dog manager","71.83","false"
"426","Certain for","141.68","true"
"427","Less someone","490.07","false"
"428","Already world specific include music","136.03","false"
"429","Rate than what","339.01","true"
"430","Various second report certain","331.48","true"
"431","Bring notice outside west","460.07","true"
"432","College country peace","75.25","false"
"433","Let tough collection head when","341.15","false"
"434","Life near force group","16.99","false"
"435","Fast wrong carry experience","60.52","true"
"436","Bed style board reflect wear","396.25","true"
"437","Economic option feel fill about","31.25","false"
"438","Air carry writer hard","212.35","true"
"439","Mean simple focus until several","398.21","false"
"440","Dinner majority last","370.32","false"
"441","Note really","37.21","false"
"442","Under box","495.25","false"
"443","Certainly everyone report","382.93","false"
"444","Human southern huge","325.64","true"
"445","Staff let","107.50","false"
"446","Begin health","103.64","true"
"447","Level well than court","323.46","false"
"448","Drop series middle thank","472.49","false"
"449","Partner kid network","470.34","false"
"450","Deal bad people win","131.25","true"
"451","Inside write","437.92","false"
"452","Mind especially against","258.60","true"
"453","Because door teacher hold","378.93","false"
"454","College ground center","87.49","false"
"455","Site how key camera","451.95","false"
"456","Picture order another significant","229.33","true"
"457","Act little unit","116.30","true"
"458","Professional professional remain recognize anyone","473.06","false"
"459","Dog beautiful study generation","163.31","true"
"460","Strategy base black cold near","267.61","false"
"461","Represent central feel right","318.35","false"
"462","Who strategy owner","448.43","false"
"463","Hold local usually street sing","295.99","false"
"464","Land onto board","319.17","true"
"465","Popular central sport","348.81","false"
"466","Head should order impact within","196.41","true"
"467","Imagine believe talk education policy","393.49","true"
"468","Answer front which","450.80","true"
"469","Evening nearly consumer usually","476.78","true"
"470","Quickly then financial people","342.38","true"
"471","Station human audience","472.54","false"
"472","Fear subject particularly","195.23","true"
"473","May instead late put","263.18","false"
"474","Small much public across","146.42","false"
"475","Series though early tend","130.20","true"
"476","Direction thing suffer fact within","255.52","false"
"477","Anything have answer","51.26","true"
"478","Federal receive easy","307.00","true"
"479","Church act","248.76","true"
"480","Fast country girl","259.12","false"
"481","Front because","10.42","false"
"482","Tell there wait","256.88","false"
"483","Sea avoid goal view","154.43","true"
"484","Strong front you","85.20","false"
"485","Expect area","170.26","false"
"486","Police walk close","399.96","true"
"487","Yeah unit a improve","396.31","false"
"488","Forget shake wish","133.72","false"
"489","Tell choose new recognize","323.54","true"
"490","Film benefit attention myself","300.30","true"
"491","Yet paper official our","0.55","false"
"492","Protect lay","429.29","true"
"493","Within rock short hard","354.35","true"
"494","Pull number note break","432.93","false"
"495","Moment world hear","259.67","false"
"496","Network today story yard good","124.52","false"
"497","Animal save world condition industry","261.72","false"
"498","Reality as dinner","342.26","false"
"499","Market difference run","106.83","true"
"500","Always any night","349.93","false"
"501","Decide both good cut college","391.52","false"
"502","Such finally fact situation that","333.92","true"
"503","Past institution law area inside","203.21","true"
"504","Almost realize whom picture","144.63","false"
"505","Trade audience determine shake","290.69","false"
"506","Scientist window program case","234.50","false"
"507","Professional school culture","500.04","true"
"508","Grow which","282.19","true"
"509","Point threat address best type","443.90","true"
"510","Art energy significant","71.17","true"
"511","Treatment ground outside language good","190.17","false"
"512","Head similar political","241.27","true"
"513","Identify recently my owner statement","52.36","false"
"514","Give ball behind coach nearly","446.63","false"
"515","Prevent tonight score","62.72","false"
"516","Southern where","57.57","false"
"517","Shake collection begin out admit","170.90","false"
"518","Office culture last","100.63","true"
"519","Evidence sell","406.61","false"
"520","Behavior particular loss","70.42","true"
"521","Catch degree body her","457.18","false"
"522","Try action deal","72.31","false"
"523","Style policy fact","256.97","false"
"524","Thought thus door","192.10","true"
"525","Teach garden","413.01","true"
"526","Wind suffer eye","413.25","false"
"527","Before political","83.14","false"
"528","Not fill good","346.04","false"
"529","Series lead clear","321.33","true"
"530","Off camera subject space analysis","158.74","true"
"531","Fire month will eye","17.99","true"
"532","Tv try factor manager against","256.37","true"
"533","Majority color weight","126.01","false"
"534","Us gas","227.19","true"
"535","Strong star","466.80","false"
"536","Top improve improve","328.21","false"
"537","To plant candidate","73.76","false"
"538","National cost edge","96.00","true"
"539","Blood movie daughter day","280.02","false"
"540","Foot green somebody","166.73","true"
"541","Every fine let","5.72","false"
"542","Go street during share","428.88","true"
"543","Fall seem lose","5.39","true"
"544","Door anything","315.48","true"
"545","Industry heavy street large","72.71","true"
"546","Must picture","251.94","true"
"547","Better quite which deal","451.22","true"
"548","Like public idea space foot","292.26","true"
"549","Think kind should data","469.01","true"
"550","Upon someone pick agree we","10.89","true"
"551","Remember fact","186.29","true"
"552","From left nothing within","121.65","false"
"553","Even century between administration","24.42","true"
"554","Window contain office","48.70","true"
"555","Exist not relationship step","16.44","false"
"556","Fire yourself school true","72.54","true"
"557","Become once case","259.87","false"
"558","Consumer owner","77.39","false"
"559","Continue training site","455.95","false"
"560","Anything my myself all Republican","4.85","true"
"561","Apply adult democratic","427.06","false"
"562","Sort read","383.31","false"
"563","Four develop according","290.74","false"
"564","Task forward increase economy","16.13","true"
"565","Lot key play best","67.32","false"
"566","Both market","282.75","false"
"567","Surface brother they","87.85","true"
"568","Receive about body before politics","292.71","false"
"569","Light if act care task","400.26","false"
"570","Pay size economic on","269.03","false"
"571","There certain full east","106.46","false"
"572","View conference bag","27.42","true"
"573","Behavior yet never recognize","51.45","false"
"574","Project enough realize camera","209.41","true"
"575","Not war current the","180.20","true"
"576","Artist individual realize minute","341.01","false"
"577","They serve senior","111.84","false"
"578","Act live voice","16.03","false"
"579","Anyone sure type stop sister","237.36","true"
"580","Positive building sea","353.43","true"
"581","Ever first time wife","391.31","true"
"582","Resource bed agree","155.24","true"
"583","Fall yes nice share","160.07","true"
"584","Man parent","169.52","true"
"585","Success sea","120.62","false"
"586","Mind or picture draw","28.85","false"
"587","Ready teach approach successful sing","394.96","false"
"588","Science property","276.89","false"
"589","Military senior reflect author","43.77","false"
"590","Your evening","12.01","true"
"591","Ten agent","331.80","false"
"592","Particular still why performance","485.99","false"
"593","Weight moment many","209.64","true"
"594","Until ground window","304.22","false"
"595","Visit brother ago","77.46","false"
"596","Responsibility least magazine plan","361.15","false"
"597","Site once","189.39","false"
"598","Argue yeah feeling change","455.98","false"
"599","Daughter talk system wind","293.73","true"
"600","Turn natural","256.71","false"
"601","Century prepare treat laugh indeed","283.71","true"
"602","Human stay sit","362.00","true"
"603","They write media difficult","124.92","false"
"604","Building nature other method","274.33","false"
"605","Foot issue prevent teacher","64.88","false"
"606","Former trial safe usually","74.37","false"
"607","Commercial say customer information","168.92","true"
"608","Also network security red himself","223.98","true"
"609","Stuff behavior agreement close","189.97","false"
"610","Purpose institution action social","45.40","false"
"611","Image to maintain","382.15","true"
"612","Build with both","53.85","true"
"613","Break beautiful cause","44.24","false"
"614","Son prove many company only","136.23","true"
"615","Record recent","288.85","true"
"616","Great little hair money","36.27","false"
"617","Boy report meeting","350.01","true"
"618","Begin how cell","348.37","true"
"619","Budget stage","105.33","false"
"620","Reason six themselves move difference","418.76","true"
"621","Performance out grow","379.82","false"
"622","Guy school yeah","362.43","false"
"623","Sometimes address character help reason","185.60","false"
"624","National black","435.80","false"
"625","Movie part see","387.45","false"
"626","Career early again mother","396.81","true"
"627","Item military even answer up","447.69","false"
"628","Anyone north husband movie","218.15","true"
"629","Than baby","103.94","true"
"630","Mean form water safe certainly","395.37","false"
"631","Deep street give already","259.69","false"
"632","Number under avoid business","134.59","true"
"633","Since never star number nearly","21.15","false"
"634","Might company around","120.29","false"
"635","Meeting government forward last","46.15","false"
"636","There far because","231.16","false"
"637","Within reach couple school among","19.39","false"
"638","Yet lawyer performance still","376.48","true"
"639","Strong over authority one","118.81","false"
"640","Deal chance ever","54.18","false"
"641","Inside which should two help","95.51","false"
"642","Run amount guess safe age","241.41","true"
"643","Deep protect attack article age","305.45","false"
"644","Assume become reduce right","120.12","true"
"645","Story some couple left","97.01","true"
"646","Actually whom clearly","286.45","false"
"647","Gun wear","341.01","false"
"648","Sport food from task","217.47","false"
"649","Reason buy public nice","62.78","false"
"650","Down figure","129.35","true"
"651","Official evidence act so","413.39","true"
"652","Product write","98.33","true"
"653","Only fall sing data","435.72","true"
"654","Stage time late guess stand","212.13","false"
"655","Provide article drop join","487.69","false"
"656","Travel reality teacher administration","375.72","true"
"657","Have drug child","239.60","true"
"658","Why every apply agent fear","70.10","false"
"659","Style foreign dark enter politics","143.55","true"
"660","Compare only coach","418.86","false"
"661","She TV consider future","97.16","false"
"662","Song this eat expert","338.07","false"
"663","Why discuss agreement reflect","243.92","false"
"664","Later general fact which who","149.13","true"
"665","Parent one man main east","325.76","true"
"666","Company again serious then career","339.89","true"
"667","His happy sing paper","253.08","false"
"668","Decision break","383.58","true"
"669","Management author into","487.96","true"
"670","Image yourself hear","310.87","false"
"671","Thought smile","370.31","false"
"672","Sure city far","225.65","true"
"673","Usually important","302.07","true"
"674","Detail road meet wall","36.73","true"
"675","For when generation","68.02","false"
"676","Friend follow career bad fine","158.05","true"
"677","President all north big sign","143.51","false"
"678","Whatever record billion today receive","150.34","true"
"679","Respond make rather from","89.28","false"
"680","Happy small ago","58.08","false"
"681","Speech discussion manage identify man","0.93","false"
"682","Test street official","414.96","false"
"683","Worry remember teacher","400.99","true"
"684","Lot coach attention himself","243.19","false"
"685","Certainly move answer conference","141.88","true"
"686","Actually senior oil bar","292.26","true"
"687","Movie happy world reveal course","422.60","false"
"688","Health training trip thing prove","240.08","false"
"689","Son thus paper level","486.79","true"
"690","Rather almost establish such","475.37","true"
"691","Organization few","476.79","false"
"692","Woman chair wife","288.74","false"
"693","At continue","227.33","true"
"694","Window activity article act have","128.16","false"
"695","Even enter","407.85","false"
"696","Century director yet president","264.38","true"
"697","Especially energy rule","168.28","false"
"698","Personal buy","170.73","true"
"699","Very future animal","465.35","true"
"700","According piece","103.13","true"
"701","Party three","290.60","true"
"702","Black throughout soldier bar do","226.87","true"
"703","Medical level successful young matter","453.74","false"
"704","Little direction party defense very","152.34","true"
"705","Size friend man minute","83.81","true"
"706","Animal quite conference what media","112.90","true"
"707","Off still second","314.18","true"
"708","Candidate six hope","219.67","false"
"709","Art machine career","349.12","false"
"710","Yet own","292.80","false"
"711","Mind table discuss","49.04","true"
"712","In general successful","11.15","true"
"713","General today own","189.32","true"
"714","Song federal","290.82","true"
"715","Phone card film appear","61.82","true"
"716","Care trouble kind fund glass","163.07","false"
"717","Ever hold","223.12","false"
"718","Foreign hit skill quite","110.88","true"
"719","Lay level smile suffer","406.81","false"
"720","Standard sure campaign military stay","280.88","false"
"721","Open describe practice series","156.40","false"
"722","Majority executive common","51.33","true"
"723","Card now","287.18","true"
"724","Sense consider","429.04","true"
"725","Kid amount","384.35","false"
"726","Answer notice high there","40.72","false"
"727","Life system","85.30","false"
"728","Speech public less","427.51","true"
"729","Nothing some current group","190.05","false"
"730","Million article arrive","410.33","true"
"731","Money individual house","55.70","true"
"732","Top second","475.81","false"
"733","Significant seat","410.20","true"
"734","Base remember","119.50","false"
"735","Fall subject together","257.04","false"
"736","Health begin cover","494.64","true"
"737","Building push behind politics","344.85","false"
"738","Buy wind father","256.79","true"
"739","Mouth religious work century","176.75","false"
"740","Health report wife so","96.05","false"
"741","Commercial center technology","114.26","true"
"742","Reduce little","268.82","true"
"743","Present nor into road pretty","99.74","false"
"744","Small account number lawyer story","451.84","false"
"745","Country worry","447.07","false"
"746","Beyond play","428.32","true"
"747","Question half","19.78","false"
"748","Into rich effort","281.89","true"
"749","Claim agent discover sing ten","101.56","true"
"750","House speak often site","36.65","false"
"751","Agency life without","228.01","true"
"752","Attorney television bad","29.13","true"
"753","Amount policy kitchen","130.95","true"
"754","White career he","498.49","true"
"755","Guy newspaper","399.67","false"
"756","Quite really bit","457.80","true"
"757","Feel mission involve","291.62","true"
"758","Himself other sit","348.68","true"
"759","Learn individual mean","149.34","false"
"760","Statement figure record","173.63","false"
"761","Skill whole raise","89.53","false"
"762","Before test","9.28","false"
"763","Within authority conference politics","434.64","true"
"764","Suddenly industry provide","223.90","true"
"765","Skill source","162.75","false"
"766","State live","200.79","false"
"767","Early product record page citizen","308.78","false"
"768","Congress that for much his","301.58","false"
"769","Without attorney","229.83","false"
"770","Safe term three","469.78","false"
"771","Population minute day available","486.79","true"
"772","Require trip difference treat","438.46","false"
"773","Oil identify customer","499.19","true"
"774","Save decade them","119.31","true"
"775","Sport ball continue behavior phone","321.35","true"
"776","Season set consumer","443.77","true"
"777","Green send image","351.62","false"
"778","Throw stand like","224.63","true"
"779","Next not politics","82.79","true"
"780","Everything join oil","241.55","true"
"781","Exactly concern article admit","260.42","true"
"782","Oil political think","441.95","false"
"783","Never increase perform hundred","394.22","true"
"784","Until rock moment","159.31","true"
"785","Manager rest yes adult","272.13","true"
"786","Federal dinner look not","158.65","true"
"787","Action budget","372.85","false"
"788","Today enjoy","215.53","true"
"789","Their month","101.84","true"
"790","Way born happen","270.06","false"
"791","Experience high let","162.93","true"
"792","Require there","469.67","true"
"793","Response eye happy other own","233.23","true"
"794","Page modern Mrs","246.38","true"
"795","Night involve","323.52","true"
"796","Play as new near","270.99","false"
"797","Identify deep again","239.81","false"
"798","Window early side common","81.21","true"
"799","Town than director top","230.74","true"
"800","Gas answer music return interest","498.25","false"
"801","Treatment couple happen particular factor","201.70","true"
"802","First usually worry company","48.51","false"
"803","Speak relate increase","367.96","true"
"804","Magazine fill tell power letter","210.84","false"
"805","Billion agreement more language","418.05","true"
"806","Career still","344.75","true"
"807","Entire example exactly man","436.56","false"
"808","Notice government citizen away","259.60","false"
"809","Assume attention physical until","384.35","true"
"810","Cultural response quality improve power","436.77","false"
"811","Address foot recently art run","47.88","false"
"812","Social guess open take over","42.36","false"
"813","Money time","85.82","true"
"814","Feel benefit for","454.44","true"
"815","Now usually","337.94","false"
"816","Box tonight","271.66","true"
"817","Month most","353.98","true"
"818","Discover same return message","23.02","true"
"819","People suddenly kind chance","450.80","false"
"820","Fight test administration","117.75","true"
"821","Article blue everything level","11.71","false"
"822","Free foreign beat this true","352.35","false"
"823","Inside firm sea","431.48","true"
"824","He culture management student decade","86.42","false"
"825","Financial white dream project floor","6.30","true"
"826","Message action force official onto","473.18","true"
"827","Score by free available","415.29","true"
"828","Science as","427.62","true"
"829","Picture call organization","448.03","false"
"830","Fear speech cut but fish","359.78","true"
"831","Attack simple ready message","390.70","true"
"832","Change far my","323.77","true"
"833","Floor want","486.35","false"
"834","Learn hit bar near","416.14","true"
"835","Most over","57.11","false"
"836","Billion goal participant prevent","106.89","true"
"837","Laugh decision management space","237.47","true"
"838","Woman affect exactly memory","316.48","false"
"839","Who wait fast develop","187.45","false"
"840","Easy commercial fall lead","77.88","true"
"841","Sure since skin","83.43","true"
"842","Until score effort family","15.01","true"
"843","Front play understand another","37.11","false"
"844","Anyone fish task vote","27.94","false"
"845","Recognize try choose","264.70","true"
"846","Record assume kitchen","36.90","false"
"847","Future each two","404.51","false"
"848","Suddenly special lead","190.80","false"
"849","Other door person join lead","205.32","true"
"850","Account finish when positive","78.83","false"
"851","Country kitchen tell while","244.06","false"
"852","President decade along structure feeling","65.91","true"
"853","Lot goal within measure car","426.00","true"
"854","Social time red","300.84","false"
"855","Ask politics assume check prepare","348.04","false"
"856","Investment these meeting through sister","11.19","false"
"857","Will ever successful","341.42","false"
"858","Miss once form","255.22","true"
"859","Among send respond may note","234.56","true"
"860","Month technology","467.39","true"
"861","Indicate itself","442.15","false"
"862","Sit rock cut","150.20","true"
"863","Response can later represent player","363.77","true"
"864","Modern road sit able","138.40","true"
"865","Few three training her","229.11","true"
"866","End reflect rock account throughout","123.91","false"
"867","Property film many","378.28","true"
"868","And decision","100.96","false"
"869","Any real fight capital","359.87","true"
"870","Foreign rock","176.86","true"
"871","National present","350.31","false"
"872","Already act your","44.54","true"
"873","Within upon position dinner","167.05","false"
"874","Must degree","251.42","true"
"875","Deep must hair","448.86","false"
"876","Have result","283.97","false"
"877","Sense relationship","184.58","true"
"878","International run","7.88","false"
"879","Local work professional economy","292.72","true"
"880","Head attention create","260.39","true"
"881","Sound sure","167.20","true"
"882","Other physical character learn","425.76","false"
"883","Republican industry toward seek","202.25","true"
"884","Some perhaps","416.87","true"
"885","Star war dog focus","370.21","true"
"886","From adult nearly improve","284.03","true"
"887","Model stop too Democrat artist","414.48","false"
"888","What usually want","254.73","true"
"889","But money why","235.98","false"
"890","Price reveal","178.48","false"
"891","Letter total early threat","272.94","false"
"892","Commercial building plant apply","494.64","true"
"893","Mother break system reality compare","34.85","false"
"894","Woman board so","464.87","true"
"895","Loss participant four","304.89","false"
"896","Or gas recognize","386.06","false"
"897","Little expect responsibility when difference","434.90","true"
"898","Someone trial","175.06","false"
"899","Second huge north recent fight","383.60","true"
"900","Foot list visit now","56.99","true"
"901","Discover entire pattern every","197.21","true"
"902","State list author crime","497.36","false"
"903","Old stand laugh war","172.98","false"
"904","Son hard yourself not","331.68","false"
"905","News rock everyone become","309.45","true"
"906","Trip system hospital","95.05","false"
"907","Drop story herself","96.66","true"
"908","Few PM leader political system","182.24","true"
"909","Heavy science ahead study","465.89","true"
"910","Laugh morning how","41.23","true"
"911","Entire fish capital","348.75","true"
"912","Process act","403.29","false"
"913","Environmental weight increase","86.98","false"
"914","Still education who","301.64","false"
"915","Town ahead","300.86","false"
"916","Business language out myself","191.84","true"
"917","Trip material add","413.24","true"
"918","Information get shoulder","50.24","true"
"919","Never high wear window","397.00","false"
"920","As understand office thing","450.73","true"
"921","Each ever main drop","407.23","true"
"922","Like hold reduce boy","212.37","false"
"923","Country dinner","409.73","false"
"924","Establish but stop factor","493.34","true"
"925","Drug pattern heart simply scientist","496.26","false"
"926","Reason against author","401.46","true"
"927","Heavy simple assume strategy","173.86","true"
"928","Idea to","143.80","true"
"929","Line front","462.47","true"
"930","Indicate between","320.66","true"
"931","Thousand suffer know court recent","244.74","false"
"932","Yourself mouth prove","167.69","false"
"933","Short view prepare guess","328.67","false"
"934","Building without road participant","481.64","true"
"935","World huge end","237.79","false"
"936","Science defense","250.13","false"
"937","Face whose surface","30.05","false"
"938","Miss drug","349.43","false"
"939","Now approach treatment","179.00","false"
"940","Tv all weight each agreement","105.14","true"
"941","Five or","481.11","false"
"942","Against resource imagine","161.98","false"
"943","Per heavy something","294.78","false"
"944","Task look subject nor","412.28","true"
"945","Begin spring food","278.18","true"
"946","Civil thousand moment government","352.88","true"
"947","Skin occur forward carry","129.26","false"
"948","Court wall instead rich","4.23","false"
"949","Article decade almost","227.22","true"
"950","Moment hear nation car treatment","464.34","true"
"951","Seem fly somebody pretty","383.03","false"
"952","Group example","82.02","true"
"953","Enter woman indicate","237.11","false"
"954","Upon community late should first","423.92","true"
"955","His while","362.47","false"
"956","Result month","413.71","false"
"957","No much find site","176.27","false"
"958","Majority level","179.64","true"
"959","Foot marriage often","255.42","true"
"960","Answer let","198.82","false"
"961","Big contain","129.12","true"
"962","Opportunity her","407.70","true"
"963","Animal must traditional","33.01","true"
"964","Test peace","316.99","false"
"965","Decade spring national anyone","90.35","true"
"966","Seat life","370.73","false"
"967","Take sound time result","291.97","false"
"968","Gun rule we law","434.62","true"
"969","Tough score","350.23","true"
"970","Back none","109.83","true"
"971","Adult bill recognize situation","168.51","true"
"972","Goal just gun agency type","17.05","true"
"973","Dream billion sometimes section name","243.49","false"
"974","Deal size sister","259.15","true"
"975","News instead","143.44","true"
"976","Meeting do most son there","419.56","false"
"977","Determine activity remain","4.85","false"
"978","Produce them less strong","290.86","true"
"979","Place large","390.46","false"
"980","See give three","354.78","false"
"981","Pass young","82.52","false"
"982","Laugh weight purpose","486.12","true"
"983","Spring their buy politics","252.61","true"
"984","Region into","76.23","true"
"985","Land option within by","301.50","false"
"986","Thus can particularly morning","95.91","true"
"987","Worry myself","25.49","false"
"988","Determine turn exactly","45.71","false"
"989","Long base start bad","180.71","false"
"990","Its outside","385.24","true"
"991","Window recent","124.06","false"
"992","Pass offer cut ago card","61.47","true"
"993","That morning reflect at","485.03","true"
"994","Identify side","270.01","false"
"995","Expert early million decade trade","114.28","false"
"996","Family organization nature","3.82","true"
"997","Result deal people could","452.35","true"
"998","Everything dinner forget","338.78","false"
"999","Poor avoid start difficult record","391.19","true"
"1000","No walk Congress include","250.91","false"
"1001","Common same Congress south represent","270.99","false"
"1002","Standard present prevent person","423.24","false"
"1003","Already give thousand hit","374.24","true"
"1004","Science your","486.20","true"
"1005","Reflect majority make safe","353.10","false"
"1006","Field building walk","372.09","true"
"1007","Prepare low situation","402.17","false"
"1008","Former say","248.30","false"
"1009","Member action agent","281.31","true"
"1010","Though simply season","97.77","true"
"1011","Wonder himself say language","399.01","true"
"1012","Support success prevent war","307.72","true"
"1013","Appear finally career option industry","301.83","false"
"1014","Here church thing difference time","78.06","false"
"1015","Begin heart hot least","450.09","false"
"1016","Again body","221.50","false"
"1017","Stop religious","85.55","true"
"1018","Performance ten","23.50","false"
"1019","Answer economy threat do someone","263.05","true"
"1020","Approach age","221.49","false"
"1021","Hotel something for ever","80.37","false"
"1022","Defense natural dark why born","118.96","true"
"1023","Almost still finish hospital figure","229.36","true"
"1024","Wonder court","414.68","true"
"1025","International main minute here here","10.90","true"
"1026","Trouble instead degree","500.19","true"
"1027","Family mean sort dark","206.39","false"
"1028","Mean certain","294.58","true"
"1029","Wide huge mind","308.73","false"
"1030","Phone fly themselves","479.97","true"
"1031","Recently whose area","215.53","false"
"1032","Significant loss development shoulder","166.56","true"
"1033","His standard form other","109.73","true"
"1034","Still history usually set","403.41","true"
"1035","Television them act hotel","46.09","false"
"1036","Professional several","272.16","true"
"1037","Remain wonder law machine","138.79","false"
"1038","Physical become","445.92","true"
"1039","Himself consumer traditional civil","136.64","false"
"1040","Relationship since","445.17","true"
"1041","Art good expect","364.20","true"
"1042","Number Democrat every like","461.48","true"
"1043","Cause rather black","147.60","false"
"1044","Hope themselves different","319.25","true"
"1045","Benefit happen difficult","473.87","true"
"1046","Center baby power team","20.52","false"
"1047","Allow contain","406.13","false"
"1048","Read see food","255.36","false"
"1049","Cover factor really agency arrive","402.91","true"
"1050","Provide above","440.44","true"
"1051","Best over","412.57","true"
"1052","Common its reach","285.96","true"
"1053","Share event speak","420.79","false"
"1054","Stay account whatever skill method","424.99","false"
"1055","Protect treat machine once","451.07","true"
"1056","Instead consumer","204.79","false"
"1057","Most somebody hold","392.81","true"
"1058","Seat last shoulder where exactly","162.82","true"
"1059","Size television time environment","462.44","false"
"1060","Ground staff","159.65","false"
"1061","Look challenge effect","306.15","true"
"1062","Allow it every game","494.11","true"
"1063","Various manage feel law","277.25","true"
"1064","Would around station","389.07","true"
"1065","Result letter possible your western","483.89","false"
"1066","Eat drive every","232.17","false"
"1067","Seat hospital central","228.11","false"
"1068","Meet ball system","291.45","false"
"1069","Money guess move process","470.65","true"
"1070","Newspaper personal really mean","131.93","true"
"1071","Whether rest enough","234.61","false"
"1072","Bar town decide series relate","385.70","true"
"1073","Next program","143.74","false"
"1074","Official anything","76.60","true"
"1075","Four well once future","324.34","false"
"1076","Feel hundred","223.90","true"
"1077","Peace head anything","40.24","true"
"1078","Director toward figure","211.05","false"
"1079","Fire in","305.97","true"
"1080","Answer carry white strategy best","426.65","true"
"1081","Black cell open return","75.67","false"
"1082","Dog out four political","296.62","true"
"1083","Goal strong citizen","217.97","true"
"1084","Former authority stock","160.50","false"
"1085","Various personal these","11.10","true"
"1086","Main but administration weight past","295.47","true"
"1087","Employee campaign subject","390.94","false"
"1088","Ask control serious clear","419.82","false"
"1089","Rich lose evidence","42.98","true"
"1090","Brother black relationship","206.13","true"
"1091","Measure senior finally","440.77","false"
"1092","Four couple down poor","340.72","false"
"1093","Place summer position wear treatment","244.88","true"
"1094","Growth shoulder family identify","492.12","true"
"1095","Free science third new weight","446.62","true"
"1096","Either move","353.36","false"
"1097","To cover","127.06","false"
"1098","Election friend","286.89","true"
"1099","Today compare offer","104.10","true"
"1100","Its stop spend","69.07","false"
"1101","Difficult cost sometimes side network","64.84","true"
"1102","Left deep subject the food","345.26","true"
"1103","No thought evening","394.41","false"
"1104","Quality reflect best week","121.11","true"
"1105","Our organization subject","189.43","true"
"1106","Hundred common","114.58","true"
"1107","Across my on all often","98.64","false"
"1108","Father mention dark","342.89","true"
"1109","Another war short much","91.53","true"
"1110","Executive you ball explain","425.74","true"
"1111","Wrong forget put according why","237.06","false"
"1112","Expert rather","135.16","false"
"1113","Southern involve at","131.70","false"
"1114","Sister of music","276.20","false"
"1115","Not public within","322.01","true"
"1116","Wish give form","317.85","true"
"1117","Development room find yard","309.04","false"
"1118","Country human","498.11","true"
"1119","Smile either adult investment area","308.60","false"
"1120","Wonder camera involve before","345.70","false"
"1121","Peace degree author","456.99","true"
"1122","Hit six know research","422.25","false"
"1123","Race computer future claim and","44.20","true"
"1124","Cup service special small","483.51","false"
"1125","My hundred sea","20.52","false"
"1126","Serious modern seem force condition","255.46","false"
"1127","Structure control","334.20","false"
"1128","Might color record","286.87","false"
"1129","Us student","158.28","true"
"1130","Scene education campaign case","89.91","true"
"1131","Life explain find pick","372.78","false"
"1132","Also near carry","192.30","true"
"1133","Baby short gas live mother","373.49","false"
"1134","Bad learn establish","260.02","true"
"1135","Couple free station","240.26","true"
"1136","Sport culture west","445.32","true"
"1137","Avoid computer","103.49","true"
"1138","Throw body because feeling reason","474.12","true"
"1139","Name service here movie","8.08","true"
"1140","Anyone key majority share","76.15","false"
"1141","Quite plant respond","57.28","true"
"1142","Particular red admit","324.62","false"
"1143","Too accept instead","304.80","false"
"1144","General light just","403.31","false"
"1145","Consumer instead","464.02","false"
"1146","Power focus drug","237.64","false"
"1147","Newspaper finish president page","282.24","false"
"1148","Finish people them","434.25","true"
"1149","Cut off government its","328.62","true"
"1150","Work author","286.91","false"
"1151","Name industry base","410.63","false"
"1152","Call important before also","430.18","false"
"1153","Dream source million course","203.28","false"
"1154","Structure sense city herself","465.85","true"
"1155","This especially sell","457.99","true"
"1156","Wear no event","245.58","false"
"1157","Painting hospital team community to","382.29","false"
"1158","Too answer sea","356.43","false"
"1159","Page college cut","451.34","false"
"1160","Save rather rich evidence","276.47","true"
"1161","Audience group true should price","274.58","true"
"1162","Section on","355.43","true"
"1163","Carry pretty leader add rather","378.27","false"
"1164","Maybe describe bit","368.58","true"
"1165","Reduce than","311.37","false"
"1166","Sign party available nor section","57.24","true"
"1167","Particular more","178.53","true"
"1168","Land this","231.78","false"
"1169","For base if specific","241.73","false"
"1170","Since there yet manage role","401.24","false"
"1171","Store table ball there","352.40","true"
"1172","Last woman morning","299.34","true"
"1173","Beat view kind prepare culture","460.85","true"
"1174","Natural wear share style","99.61","true"
"1175","Mouth test through role","148.22","true"
"1176","Employee contain bad","134.08","false"
"1177","Health dream discuss base we","21.99","false"
"1178","Garden often board reflect","377.85","true"
"1179","Clearly production rich let","466.98","false"
"1180","Sense type involve scene","186.54","true"
"1181","Sometimes all couple","6.16","true"
"1182","Body wall when","282.61","true"
"1183","Pattern phone time","112.91","true"
"1184","Size success return","18.80","true"
"1185","Continue effort out nature","55.95","false"
"1186","Gun visit","343.14","false"
"1187","Less eye stand purpose","431.78","true"
"1188","Medical detail behind major","399.77","false"
"1189","Really huge minute direction","234.48","false"
"1190","Head change herself then approach","91.75","false"
"1191","Instead high along","87.97","false"
"1192","Point get effect consider blue","301.22","true"
"1193","Hard glass know","76.77","false"
"1194","Role section take choose","215.45","false"
"1195","Tv Congress suffer few","96.90","true"
"1196","South which administration","393.02","false"
"1197","Whatever involve building seek space","457.97","true"
"1198","Include hear","445.58","true"
"1199","Expect couple write","462.56","true"
"1200","Task join","228.38","true"
"1201","Expect attack south check yard","50.92","false"
"1202","Sort end","379.03","false"
"1203","See church exactly service plant","93.01","true"
"1204","Goal affect himself","314.33","false"
"1205","Safe reveal after","334.21","false"
"1206","Push painting whole","372.81","false"
"1207","Live sound beat","59.97","false"
"1208","Sense well practice letter","471.50","false"
"1209","Lot message suggest","265.21","true"
"1210","Wife enough physical vote","263.69","true"
"1211","Class sort seat","119.12","true"
"1212","Happen minute beyond your war","406.82","true"
"1213","Shake suddenly should","371.99","false"
"1214","Particularly safe guess hard","42.66","false"
"1215","Boy prove","200.93","false"
"1216","Always huge total everything discover","200.29","true"
"1217","Goal see trouble state when","269.47","true"
"1218","Add social rate base will","33.53","true"
"1219","Book machine indeed only","424.91","false"
"1220","Lawyer notice type Mrs culture","270.31","true"
"1221","Tree trip","51.64","true"
"1222","Rate young since public","441.85","true"
"1223","Event thought she language","368.68","true"
"1224","Field make century game another","451.49","true"
"1225","Visit reduce interview","458.21","true"
"1226","Student money cover scene leave","485.03","true"
"1227","Before machine","6.73","true"
"1228","Business among cultural center","492.20","true"
"1229","Break view far","414.95","false"
"1230","Type cell offer","135.81","false"
"1231","Family admit Republican federal compare","274.45","false"
"1232","Play forget human teach letter","276.14","true"
"1233","Page pattern range","409.72","false"
"1234","No case democratic","314.75","false"
"1235","Create want benefit sign","33.71","true"
"1236","Choose boy eat where","334.49","true"
"1237","Individual easy poor girl quite","59.78","false"
"1238","Run foreign","163.75","false"
"1239","Real know executive address tax","253.01","false"
"1240","Small thought cause room","221.82","true"
"1241","Fly at across","40.70","true"
"1242","There trip consider east","448.36","false"
"1243","Event thus worry say","74.70","false"
"1244","Will share fish meeting","221.45","true"
"1245","Agency however around","483.73","false"
"1246","Lot western prove recently stuff","312.47","true"
"1247","Child here financial","214.62","false"
"1248","Lay appear","294.11","false"
"1249","Family go where research all","412.91","true"
"1250","Safe join news chair","423.56","false"
"1251","Tough step color","165.94","true"
"1252","Security all in choose","466.49","true"
"1253","Treat yet western","454.62","false"
"1254","If water agent make travel","380.62","true"
"1255","Scene the care according","381.75","true"
"1256","Structure recent woman opportunity color","369.14","false"
"1257","Order may drug","76.94","false"
"1258","Year oil","72.88","false"
"1259","Important mean almost","44.42","false"
"1260","Power from not","51.46","false"
"1261","In child treat especially night","314.89","true"
"1262","Network perhaps after","167.53","true"
"1263","Standard despite","350.73","false"
"1264","Must already these","184.70","true"
"1265","Director beat reduce responsibility","284.10","false"
"1266","Employee institution end","149.88","true"
"1267","Still reflect eight","240.97","false"
"1268","Serve successful line","120.25","false"
"1269","Determine within fund","48.81","false"
"1270","Lay success clearly wear right","87.90","false"
"1271","Remain later continue","308.22","false"
"1272","Meeting visit service course","274.52","true"
"1273","Difference family than middle thus","463.85","true"
"1274","Build firm","56.82","false"
"1275","Care plant","188.95","false"
"1276","At woman politics","129.38","false"
"1277","Who meeting","255.20","true"
"1278","Book sit she although","96.32","true"
"1279","Safe production form television","469.46","true"
"1280","Any purpose newspaper","64.09","true"
"1281","Win way","185.21","false"
"1282","Detail successful understand recent year","384.16","true"
"1283","Discussion story trade pay exist","131.23","true"
"1284","Indeed street number pull","272.77","true"
"1285","Painting nature world mention","494.75","false"
"1286","Pm church care","126.55","false"
"1287","Response city future","390.05","false"
"1288","Face office","436.55","true"
"1289","Tonight war open","255.74","false"
"1290","Down plan call customer each","332.23","false"
"1291","Stuff new in ago","25.04","false"
"1292","Everybody onto sing nearly","150.84","false"
"1293","Field dinner who","498.32","false"
"1294","During owner check","35.76","false"
"1295","Before century","358.76","true"
"1296","Program share agree","261.92","true"
"1297","Girl turn camera imagine accept","424.35","true"
"1298","Again concern every oil music","151.97","true"
"1299","Wrong say","437.53","true"
"1300","Might each beautiful","285.35","true"
"1301","Statement audience student exist head","407.01","false"
"1302","Throw indicate","340.16","false"
"1303","Idea fast meeting win citizen","381.46","true"
"1304","Face stuff can","418.04","false"
"1305","Heavy tax","204.10","false"
"1306","Necessary a after sense","83.55","false"
"1307","Available reveal leader teach","291.39","true"
"1308","Key type","167.17","false"
"1309","Significant choose serious","146.89","true"
"1310","Mission argue","278.13","false"
"1311","Much nature scene interview table","63.59","false"
"1312","Stand fund too camera","204.15","false"
"1313","Capital bad institution tonight act","43.75","true"
"1314","Their keep election","366.81","false"
"1315","Food skin building","172.32","false"
"1316","Public experience","140.52","true"
"1317","It mission hair","10.45","false"
"1318","South all usually","184.42","true"
"1319","Represent raise put total","215.32","false"
"1320","Out offer military","316.12","true"
"1321","Parent control","347.49","true"
"1322","Someone list history","353.83","true"
"1323","Though station should","368.22","true"
"1324","Officer hand society change behavior","292.89","false"
"1325","Class at order","237.93","true"
"1326","Style partner over morning cost","264.90","false"
"1327","Heavy movement way however","297.56","true"
"1328","Fast machine around small instead","255.67","true"
"1329","Stuff those","343.74","true"
"1330","No worker","21.46","true"
"1331","Image mother clear","97.87","true"
"1332","Professional bank","105.14","false"
"1333","Tax themselves open heart","128.66","false"
"1334","His prove environmental","497.24","true"
"1335","Into medical once early feel","423.79","true"
"1336","Place season back","312.42","false"
"1337","Your the push notice","126.83","false"
"1338","Rate others ground enjoy ground","124.21","false"
"1339","This great nature reduce","204.97","false"
"1340","Suggest class list card","39.14","false"
"1341","Exactly same win kid","97.54","false"
"1342","Behavior street learn who","484.28","false"
"1343","Option result night","460.19","true"
"1344","Turn tonight great","493.20","true"
"1345","Fill might","195.53","false"
"1346","Family family discover even","359.99","true"
"1347","News fill wrong final","453.94","false"
"1348","Dark responsibility","296.23","true"
"1349","Wife maybe of apply understand","37.80","false"
"1350","Rise per husband","343.85","true"
"1351","Particular base investment throughout","118.47","false"
"1352","Investment husband Republican","396.35","false"
"1353","Tax scientist task onto least","324.72","true"
"1354","Miss customer sign","67.27","false"
"1355","Or fine move particularly purpose","247.19","true"
"1356","High girl age","36.23","true"
"1357","Amount quite if","52.47","true"
"1358","Store cold affect woman","121.35","false"
"1359","Of safe fight camera","373.87","false"
"1360","Political baby nation","191.97","true"
"1361","Rise follow speak","387.52","false"
"1362","Gun peace though","317.64","true"
"1363","Pass difference speech more central","396.30","false"
"1364","Generation music indicate","37.06","true"
"1365","Image who serve establish","378.34","false"
"1366","Maintain raise system else","91.67","true"
"1367","Move design gas dark","349.38","true"
"1368","Thing theory example inside box","498.48","false"
"1369","Guy particularly people yet","366.18","true"
"1370","Watch garden claim","52.76","false"
"1371","Left think effect","220.73","false"
"1372","Day sport station south","53.33","true"
"1373","Up heavy structure community loss","109.10","false"
"1374","Development example question drop me","69.46","false"
"1375","Section next","210.55","false"
"1376","Hot media major","309.62","false"
"1377","Four west heart doctor","444.88","false"
"1378","Throw day economic body road","445.79","true"
"1379","Sister career","115.73","true"
"1380","Matter environment apply","337.31","true"
"1381","Arm real vote late foreign","22.03","true"
"1382","Camera score store store","348.79","true"
"1383","Care reduce for to","170.89","true"
"1384","Alone owner that","184.84","false"
"1385","Rest daughter government","407.63","false"
"1386","Develop name skill","267.46","false"
"1387","Event quality store","333.54","false"
"1388","Friend environment new cultural","470.24","true"
"1389","Idea series back","163.63","true"
"1390","Guess soon among teacher","479.02","true"
"1391","Top high","251.92","true"
"1392","Many sport alone","293.08","true"
"1393","Way pay air bag I","268.51","true"
"1394","Social movie decade art","273.78","true"
"1395","Respond when enough indicate car","163.67","true"
"1396","Ever first structure","434.65","true"
"1397","Fact side instead","461.55","false"
"1398","Allow local price teacher total","210.19","true"
"1399","Wish early son food","132.38","false"
"1400","Continue image fact card important","25.46","false"
"1401","Capital pay","109.45","true"
"1402","Control ability","497.78","true"
"1403","Nothing sound event spend","278.31","false"
"1404","Run deep same","491.29","false"
"1405","Film moment act","118.08","true"
"1406","Think collection whole debate board","116.52","false"
"1407","Program five receive","98.91","false"
"1408","Discover protect American piece","475.30","false"
"1409","It case none finish","26.05","true"
"1410","Very hold recently close","296.74","true"
"1411","Out place style room produce","272.55","false"
"1412","Model let focus","203.58","false"
"1413","Always special","12.80","false"
"1414","Throughout forward","467.38","false"
"1415","Teacher four police","101.07","false"
"1416","Near while board","320.57","false"
"1417","Green may heart poor few","349.54","false"
"1418","Born current","199.22","true"
"1419","Side whole part indeed soon","117.48","true"
"1420","Him director site","42.07","false"
"1421","Old director such","398.22","false"
"1422","Speech break","149.08","false"
"1423","Candidate grow believe century still","394.72","true"
"1424","Smile usually listen","271.89","true"
"1425","Eye war idea","39.54","true"
"1426","May threat","12.93","true"
"1427","Important all cut","493.22","false"
"1428","Manager television","281.32","false"
"1429","Player world particular yeah before","337.56","true"
"1430","Its material owner establish human","361.92","false"
"1431","Federal worry discuss","402.14","true"
"1432","Store couple exactly both","396.73","true"
"1433","Rate including always","150.01","true"
"1434","Them president","239.05","true"
"1435","Concern everybody","395.60","false"
"1436","Piece identify at","119.63","true"
"1437","Practice win","40.75","false"
"1438","Watch different bar successful","395.16","true"
"1439","Tend vote theory","249.35","false"
"1440","Spend expert start find country","444.59","true"
"1441","Total likely such","313.83","true"
"1442","Keep team skin style","167.57","false"
"1443","Other produce campaign","405.86","false"
"1444","Office individual tonight","333.86","true"
"1445","Herself ready office response","131.00","true"
"1446","Democratic yes environment","460.17","false"
"1447","Energy under condition food forget","188.62","false"
"1448","Participant explain fall must prove","370.15","false"
"1449","Anyone performance up evidence mind","314.99","false"
"1450","Against certainly another buy","122.39","true"
"1451","Use right church executive pattern","156.71","false"
"1452","Throw standard get","176.78","true"
"1453","Management build until","98.51","true"
"1454","Son moment skin","312.76","true"
"1455","Red nature my","493.16","false"
"1456","Effort former like agreement include","382.56","false"
"1457","Skin ready per political","159.54","false"
"1458","Time nearly under","136.46","false"
"1459","Charge same behind cultural side","209.67","false"
"1460","Dark Mrs film","259.23","true"
"1461","Station past serious cause","485.92","true"
"1462","Democrat behind skill","388.13","false"
"1463","Material training simple","411.15","false"
"1464","Behind minute standard","312.36","true"
"1465","We behavior safe stop cold","155.25","true"
"1466","Skin dog who","63.21","true"
"1467","Reason never","156.93","true"
"1468","Certain though","56.30","true"
"1469","Good father you future specific","462.62","false"
"1470","Million act man happy night","500.89","false"
"1471","Continue want answer","73.89","true"
"1472","Voice degree trial follow space","107.22","true"
"1473","Difficult huge realize year","357.72","false"
"1474","Until skill century pass commercial","350.25","true"
"1475","Camera new fish production exist","352.07","true"
"1476","Write life without wind","445.49","false"
"1477","Miss into radio figure","212.77","true"
"1478","Once station assume","315.80","true"
"1479","Alone her","121.17","false"
"1480","Dream ability itself","343.49","false"
"1481","Would take inside research her","34.64","false"
"1482","Perform listen size","366.89","true"
"1483","Account budget same lawyer","191.72","true"
"1484","Morning hold listen","196.56","true"
"1485","International table","251.63","false"
"1486","Travel management mean big wall","427.76","false"
"1487","Nature drop sport really hair","434.46","false"
"1488","Wish learn edge body","281.54","true"
"1489","Former ground","72.72","false"
"1490","True light","149.43","false"
"1491","People feeling add","432.27","false"
"1492","Try new street line","477.22","true"
"1493","Accept manage Mrs at","22.35","true"
"1494","Choose interesting fine for","262.27","true"
"1495","Common those social your","358.09","false"
"1496","Chance statement those whether","10.39","false"
"1497","Play hard could","199.97","true"
"1498","Break painting budget Congress","68.18","false"
"1499","Head popular great","422.82","true"
"1500","Control add exactly show","123.43","false"
"1501","Page reach central once pull","443.67","true"
"1502","Trade rest budget","38.85","false"
"1503","Also police every","252.55","true"
"1504","Oil soldier as police","462.20","false"
"1505","Get democratic","334.45","true"
"1506","Onto safe whatever third","283.20","false"
"1507","Hour body similar position media","351.76","false"
"1508","Right standard daughter Mr impact","89.20","true"
"1509","Challenge care break bad time","96.29","true"
"1510","Fire though safe use","323.17","false"
"1511","Daughter American wall social","428.82","false"
"1512","Human physical","66.95","true"
"1513","Team study late certainly itself","50.56","false"
"1514","Ever fill bit local","456.71","true"
"1515","Walk attention expect similar","277.44","false"
"1516","Response Congress","445.95","true"
"1517","Tough mission speak","385.16","false"
"1518","Effort find cultural with","471.19","true"
"1519","Though rich","252.30","true"
"1520","Catch which","266.93","true"
"1521","Enjoy approach hotel","439.03","true"
"1522","Long maybe number think","180.66","true"
"1523","Person clearly","232.40","true"
"1524","In television music","180.68","false"
"1525","Little project outside behind","196.16","false"
"1526","Wish wife growth","352.89","true"
"1527","Control number soldier stop apply","193.58","false"
"1528","Particularly cover second way yard","488.91","true"
"1529","Woman season woman management","391.43","false"
"1530","Identify property","82.74","true"
"1531","Road camera it research part","131.20","true"
"1532","Alone name program","155.98","false"
"1533","Rock floor minute media rule","221.35","true"
"1534","Return heavy","62.64","true"
"1535","Air air strategy again","37.76","true"
"1536","The then","74.68","false"
"1537","Me however","295.16","false"
"1538","Piece son training card want","441.38","true"
"1539","Experience call treatment dream","454.92","false"
"1540","Since live claim","302.78","true"
"1541","Lot will other describe organization","452.84","false"
"1542","Interesting commercial thousand same","365.64","false"
"1543","Offer write per","338.13","true"
"1544","Speech interesting skin","224.96","false"
"1545","Bit from none health","184.43","false"
"1546","Lot behavior movement woman","52.65","true"
"1547","Act too local experience","480.50","false"
"1548","Author democratic section agree","448.39","false"
"1549","About factor example then","127.97","false"
"1550","Production several magazine sign act","307.83","false"
"1551","Happen worry choose market","454.61","false"
"1552","President thought","219.53","true"
"1553","Role until truth especially","139.67","true"
"1554","Age without","361.21","true"
"1555","Ground food value","370.64","false"
"1556","Note our song similar","57.79","true"
"1557","According candidate total","183.13","true"
"1558","City worry role trouble","93.75","false"
"1559","Doctor fly seat","281.97","true"
"1560","All time","201.56","false"
"1561","Lawyer reach later surface","216.74","true"
"1562","Step home hotel put everyone","130.72","true"
"1563","Method establish wonder decide","137.58","false"
"1564","World individual treat word memory","186.92","true"
"1565","Because skill send brother","26.66","false"
"1566","Year either career","490.07","false"
"1567","Education woman never body","341.23","true"
"1568","New for people wide live","119.82","true"
"1569","Around summer trouble","385.44","true"
"1570","Attack teacher interest","194.43","true"
"1571","Then sure","348.41","true"
"1572","Town guy them","115.78","true"
"1573","Let notice describe","392.89","true"
"1574","Between loss goal sea","384.02","true"
"1575","Trial southern west","197.34","true"
"1576","Simple federal peace modern","96.98","true"
"1577","Form late billion","336.14","true"
"1578","May growth","348.65","false"
"1579","Piece pass bed","82.78","false"
"1580","Too community enough pick","273.98","true"
"1581","Race two region","39.07","true"
"1582","Music police news information","321.33","true"
"1583","Learn address edge","233.47","false"
"1584","Everything very","252.80","true"
"1585","Public child red international","378.28","true"
"1586","Growth who performance","160.92","false"
"1587","Investment south send entire","297.92","true"
"1588","Produce artist yet public spend","299.12","false"
"1589","Whose generation cold collection attention","187.74","true"
"1590","Well take too","246.96","true"
"1591","Increase test sport","353.26","true"
"1592","Laugh from believe","236.20","true"
"1593","Manage heart place company","14.59","true"
"1594","Vote church poor","75.13","false"
"1595","Very forward","350.68","true"
"1596","Idea sign including into","77.25","false"
"1597","Civil southern politics perform","415.71","true"
"1598","With above goal idea","376.99","false"
"1599","Reflect he ago","379.42","false"
"1600","Son hear expert","107.06","false"
"1601","Out although behind","348.54","true"
"1602","Four remain first","163.93","false"
"1603","Probably address threat figure discover","341.22","true"
"1604","White miss","216.69","false"
"1605","Party surface story lot capital","41.81","true"
"1606","Be above imagine","490.74","false"
"1607","Mean another tree price","302.17","true"
"1608","Defense would until","145.65","true"
"1609","His same pattern","340.48","true"
"1610","Democrat final keep environment","172.96","true"
"1611","Shake will season people","105.21","false"
"1612","Admit wind","416.63","true"
"1613","Suffer behind improve soon","437.08","false"
"1614","Sort improve health way central","122.10","true"
"1615","Over also charge leg","231.22","false"
"1616","Population film","396.19","true"
"1617","Glass low under party since","380.60","false"
"1618","Spring mother draw spring","70.83","false"
"1619","Other join","91.44","false"
"1620","Attack never try","339.68","false"
"1621","Stay little three southern","63.56","false"
"1622","Thing mother red outside skin","399.49","false"
"1623","Prepare third","214.76","false"
"1624","Local really though hand size","334.22","true"
"1625","Require start professional","84.64","true"
"1626","Once will","97.04","true"
"1627","All ask analysis","172.18","false"
"1628","Anyone president explain town","124.23","true"
"1629","Look vote","442.83","false"
"1630","Base professor develop candidate","366.78","true"
"1631","Low election","205.64","false"
"1632","Us throw care","235.29","false"
"1633","Who Republican statement","333.70","true"
"1634","Huge gas finally might already","399.01","false"
"1635","Skin because sometimes","17.81","false"
"1636","Into together","179.70","true"
"1637","Program view","29.93","true"
"1638","Argue black camera","441.60","true"
"1639","Impact someone mother matter","52.31","false"
"1640","Thought could player","103.37","false"
"1641","Election nearly month happen feeling","89.68","true"
"1642","None raise bring its enter","218.76","false"
"1643","First single half similar","350.36","false"
"1644","Religious trade hotel full morning","160.10","false"
"1645","Science reason sing","56.57","false"
"1646","Factor study audience","430.99","false"
"1647","See through","364.89","false"
"1648","Area west size","217.28","false"
"1649","Treatment American fill design along","277.59","true"
"1650","Every number so born","60.93","true"
"1651","Million pay available image thought","380.87","false"
"1652","Action ever tax those collection","24.94","false"
"1653","Woman help","359.88","false"
"1654","Idea television hear be","112.67","true"
"1655","Hospital of community so","396.46","true"
"1656","Home short image kind politics","221.06","false"
"1657","Option movement design wide","50.39","false"
"1658","Politics allow","295.86","true"
"1659","Same mind leave hot","445.73","true"
"1660","Cultural time president life field","487.83","true"
"1661","Official above soldier","109.61","false"
"1662","Drive low manager road apply","390.49","true"
"1663","Manage wall forget somebody","370.83","false"
"1664","Wish center red","129.01","true"
"1665","Statement officer knowledge","411.81","true"
"1666","Help fill tree night","136.32","false"
"1667","Then support art","480.41","false"
"1668","Member material citizen","129.03","true"
"1669","Full his","485.58","false"
"1670","Whole your","84.90","false"
"1671","Top for treat blue though","484.88","true"
"1672","I good recognize condition together","255.04","false"
"1673","Tell bit account across","466.41","true"
"1674","Car land more particularly medical","224.91","false"
"1675","Those rule affect toward measure","350.58","true"
"1676","Indeed world","39.91","true"
"1677","Place democratic eight","473.22","false"
"1678","Happen play","262.84","false"
"1679","Expect record hundred person","130.13","true"
"1680","Modern fear","134.68","true"
"1681","Form common sell building","73.65","true"
"1682","Draw board I gun hour","345.17","false"
"1683","Risk yet animal role country","26.47","false"
"1684","Toward lawyer administration available","481.95","false"
"1685","Where game item soon work","166.51","true"
"1686","Night executive one maintain","21.42","true"
"1687","Type or compare","496.06","true"
"1688","Political forward nearly former","200.21","false"
"1689","Value people follow this show","149.14","false"
"1690","Remember young decision","393.90","true"
"1691","Message worker matter perform","350.37","false"
"1692","Son customer boy rule","277.47","false"
"1693","Human individual grow whether","270.24","true"
"1694","Carry already whom","293.91","false"
"1695","Take during water girl night","40.88","true"
"1696","Minute any nearly week decision","144.27","true"
"1697","Speak bill","350.92","false"
"1698","Character account security","377.03","true"
"1699","Area worry","431.25","true"
"1700","Unit owner pretty","37.86","false"
"1701","Yard identify nothing difficult member","379.94","false"
"1702","Market security organization","255.85","false"
"1703","Believe final sea me","306.34","true"
"1704","Anything room parent activity break","259.61","true"
"1705","Consumer wind trial act how","439.92","true"
"1706","Site outside","423.47","true"
"1707","Order argue military","351.82","true"
"1708","Available population last","215.35","true"
"1709","Successful order window apply remember","258.11","false"
"1710","His everything bill","77.82","false"
"1711","Son early simple not exist","466.83","false"
"1712","Spring seek second still peace","201.57","true"
"1713","Up two lead","187.88","true"
"1714","Not far per science its","255.71","false"
"1715","Available toward","87.40","false"
"1716","Strong office situation kind","2.58","false"
"1717","Young raise","316.63","true"
"1718","Sense evidence leader better","123.21","false"
"1719","Street personal without rock","25.46","false"
"1720","Area voice part dream","290.42","false"
"1721","Open yeah along policy","245.40","true"
"1722","Fall keep","496.48","false"
"1723","Start person information","437.35","true"
"1724","In tax where","72.60","true"
"1725","Body will enjoy tell","327.26","true"
"1726","Long change and","363.91","false"
"1727","Give those instead","102.25","true"
"1728","Specific happen","400.07","false"
"1729","Thousand artist special","266.21","false"
"1730","Window area simple my design","372.75","true"
"1731","Mention truth attorney point","180.73","true"
"1732","Never mean return down feel","129.90","false"
"1733","Anything a like beat help","196.21","true"
"1734","Air better kid game above","304.07","false"
"1735","Young resource method","428.73","false"
"1736","Player music music drug sense","378.12","false"
"1737","From table","101.60","false"
"1738","Hit now blood treatment","201.84","true"
"1739","Suggest away relate suffer future","104.84","false"
"1740","Wide medical focus lawyer power","173.82","true"
"1741","Whether house human","253.49","true"
"1742","Once above subject yes","69.50","true"
"1743","Item remain","372.81","true"
"1744","Interview food reason mother","465.00","true"
"1745","National opportunity practice call","84.38","true"
"1746","Bed reveal send","235.13","true"
"1747","Break cost everything","328.03","true"
"1748","Challenge apply","398.05","true"
"1749","Suddenly group","10.44","true"
"1750","I full","52.51","true"
"1751","Of election","5.15","false"
"1752","Third usually realize else","433.75","false"
"1753","Knowledge lay trouble involve","20.57","false"
"1754","Fall into","281.05","true"
"1755","Go structure government run","195.67","false"
"1756","Hit point thousand","496.30","false"
"1757","Rest visit year doctor","240.02","false"
"1758","Really foreign task relate","67.82","true"
"1759","Resource security claim","129.76","true"
"1760","Possible middle great artist","176.63","false"
"1761","Body long and current leader","8.85","true"
"1762","Gun often by every people","292.21","true"
"1763","Shake several physical training","181.35","true"
"1764","Different wind chair","307.28","false"
"1765","Find want quite","379.08","true"
"1766","Process in attorney raise","314.94","false"
"1767","Possible election","40.91","true"
"1768","Approach own military perhaps","461.97","true"
"1769","Energy actually son listen federal","451.27","false"
"1770","Line wrong often class degree","458.15","false"
"1771","Home few individual child","329.04","true"
"1772","Than hair many dark western","26.45","false"
"1773","Only although boy involve tonight","452.64","false"
"1774","Clear manage season American","224.99","false"
"1775","Require risk chance","192.12","true"
"1776","Police treat ahead candidate market","478.39","true"
"1777","Sign rather community pick between","153.74","false"
"1778","Them film avoid organization","107.32","false"
"1779","Civil son","258.62","false"
"1780","Dark could ok eye","205.99","true"
"1781","Return best me","321.05","false"
"1782","Environmental possible huge","197.40","true"
"1783","Keep reduce turn positive","361.09","false"
"1784","Full prepare","156.40","false"
"1785","And outside present","438.76","false"
"1786","Form ten rather contain relate","127.69","false"
"1787","Collection later recognize","96.35","false"
"1788","Contain art wide","256.08","false"
"1789","None deep natural","209.33","true"
"1790","Put dinner notice must","259.49","false"
"1791","Could good","83.22","false"
"1792","Open important","232.18","true"
"1793","Article so difficult","44.34","false"
"1794","To black","118.13","true"
"1795","Travel today seven lose","22.08","true"
"1796","Hotel owner pick","345.83","false"
"1797","Unit present success light","156.27","false"
"1798","Attorney community issue appear evidence","334.19","true"
"1799","Eight image rule","80.95","true"
"1800","Control not health","352.97","true"
"1801","Nearly least share","322.96","false"
"1802","Meet beat painting himself","391.98","true"
"1803","Need machine now","439.82","true"
"1804","Student want spring","424.76","true"
"1805","Generation movie out","178.32","false"
"1806","Usually contain back according","130.75","false"
"1807","Work analysis","294.83","false"
"1808","North discover apply","106.47","true"
"1809","Else she chance maybe","409.10","true"
"1810","Field office effect end former","323.83","false"
"1811","Partner establish TV issue","197.05","true"
"1812","Amount score","94.30","false"
"1813","Above visit","359.09","true"
"1814","Them factor open","166.35","false"
"1815","Each else any","427.09","false"
"1816","Somebody discussion various take with","42.23","false"
"1817","Four event idea knowledge","48.53","false"
"1818","Born work second","9.32","true"
"1819","Key style exactly","16.58","false"
"1820","Black technology may","261.56","true"
"1821","Support significant stay occur","491.85","true"
"1822","Hotel teach relationship other","160.28","true"
"1823","Very police society","427.14","false"
"1824","Person talk throughout","8.84","false"
"1825","Sort grow your writer performance","481.01","true"
"1826","She environment final prepare recognize","81.44","false"
"1827","All anyone between","357.63","false"
"1828","Identify cut","132.07","false"
"1829","Run do kid","94.41","true"
"1830","Full company five learn","499.94","true"
"1831","Amount different many whom director","410.70","false"
"1832","Usually measure nor party conference","311.30","false"
"1833","Almost try say","69.01","true"
"1834","Option fact nice","217.65","false"
"1835","Trial set develop half","74.06","false"
"1836","Nor actually provide something","253.12","true"
"1837","These force relationship ask","47.08","false"
"1838","Civil expert around production","64.78","true"
"1839","Whom break","351.86","true"
"1840","Green politics country","212.79","true"
"1841","Since return","410.11","true"
"1842","Research international stock","148.92","false"
"1843","Run compare face","213.23","true"
"1844","Take foot into return","407.60","true"
"1845","Song growth","195.54","true"
"1846","Collection why hundred whole baby","148.33","false"
"1847","Conference few along general","416.83","false"
"1848","Others when bad","222.95","false"
"1849","Character protect social","246.60","true"
"1850","Wait fire possible one","267.56","false"
"1851","Hour last","203.83","false"
"1852","Course media","237.18","true"
"1853","Skin prepare old open project","453.84","true"
"1854","Among budget guess down stock","184.83","true"
"1855","Walk main","447.77","false"
"1856","View town","185.23","true"
"1857","Note service rather million","136.13","false"
"1858","Child material","451.96","true"
"1859","Big yeah along","470.53","true"
"1860","Evening car although himself","69.38","false"
"1861","Program shake least rise lawyer","491.45","true"
"1862","Third important tonight event","350.73","true"
"1863","Campaign including data","500.82","true"
"1864","Increase behind environment business they","437.64","true"
"1865","Rather although rest","142.80","true"
"1866","Nor international present","102.83","false"
"1867","Environment former some difficult","127.79","true"
"1868","Take measure shake station","114.33","true"
"1869","Learn young one particularly","476.05","false"
"1870","Later moment instead new","305.96","false"
"1871","Series civil stand smile","305.73","false"
"1872","Past west station","137.91","false"
"1873","Drive detail drop pick write","252.49","true"
"1874","Receive interest effort fact total","169.12","false"
"1875","Fly themselves occur pull let","93.96","true"
"1876","Someone however feel between work","133.33","false"
"1877","Anything wish field affect another","190.51","true"
"1878","Contain happen most we","62.20","false"
"1879","History let","187.01","false"
"1880","Site dark","492.37","false"
"1881","Land answer add painting","380.59","false"
"1882","Final area indicate","443.22","false"
"1883","Care recognize production nor for","32.80","false"
"1884","Cup note service over family","47.97","true"
"1885","Up sister worker","16.36","true"
"1886","Five before always","431.14","false"
"1887","Million catch use describe","377.66","true"
"1888","System sure risk number","69.61","true"
"1889","I money model beyond everything","128.18","true"
"1890","Why effect feeling page mind","271.53","true"
"1891","Dinner tough doctor use purpose","419.38","false"
"1892","Either choose protect oil","193.93","true"
"1893","Our today camera statement","392.01","true"
"1894","Nothing kind of concern","363.03","false"
"1895","Pressure smile general","426.91","true"
"1896","Decision sense","326.05","true"
"1897","Effort age billion","445.19","false"
"1898","Ok total could","363.43","true"
"1899","Challenge two","207.67","false"
"1900","She sure six","86.01","false"
"1901","Design clear step record","203.24","false"
"1902","Food answer everyone score side","63.13","false"
"1903","Situation cold defense then decade","458.82","false"
"1904","Figure American ready long","297.26","true"
"1905","Onto research general","489.49","false"
"1906","Final table gun bill walk","250.40","true"
"1907","Soldier space work","483.31","false"
"1908","Watch should special finish","64.15","true"
"1909","Space college interest local part","80.95","false"
"1910","Throughout several success test picture","408.22","false"
"1911","Plant we maintain practice stock","302.30","true"
"1912","Writer democratic foot end respond","319.80","true"
"1913","Kitchen artist","486.97","true"
"1914","West discuss only","60.59","true"
"1915","Major similar work","30.05","false"
"1916","Behind near student","470.17","true"
"1917","Official cultural themselves parent","43.99","true"
"1918","Far pattern picture","280.90","true"
"1919","Wrong successful or","121.35","true"
"1920","Pay huge different protect","186.11","false"
"1921","Know actually forward down","182.97","false"
"1922","Figure far","239.97","true"
"1923","Result bed","460.63","true"
"1924","Power wrong","201.23","true"
"1925","Young nothing determine describe","297.38","true"
"1926","Fill threat base","400.87","true"
"1927","Health avoid area kid","173.50","true"
"1928","Threat soldier yet","107.52","false"
"1929","Teach believe case style close","451.18","false"
"1930","Media economic sister face","192.84","true"
"1931","Certainly can look left serve","405.09","true"
"1932","Senior national behind magazine","219.70","true"
"1933","Work wish base","130.57","false"
"1934","Top receive","220.34","false"
"1935","Usually teacher follow tell","62.43","false"
"1936","Late teacher response stand","115.44","false"
"1937","Player family will against say","249.47","true"
"1938","Daughter table finally drop","421.87","true"
"1939","Property record loss step","153.88","true"
"1940","Lawyer glass speak","127.78","true"
"1941","Lead money pretty participant","236.04","true"
"1942","Everything ground unit hear","94.35","true"
"1943","Trial parent space agreement","489.76","true"
"1944","Physical pass","28.16","false"
"1945","Heavy listen discussion phone","53.83","false"
"1946","Actually property but","80.61","true"
"1947","Table authority ability itself","161.01","true"
"1948","Play medical animal challenge","295.22","true"
"1949","Industry wrong","387.69","true"
"1950","Clearly production risk","259.33","true"
"1951","Trade yes mother world big","144.15","true"
"1952","Agreement degree eight phone","470.54","false"
"1953","Behavior week","57.55","true"
"1954","Win western civil dinner","60.16","false"
"1955","Person prove yourself would wide","324.86","true"
"1956","Factor light hotel foreign","203.87","false"
"1957","Standard each share","439.09","false"
"1958","Ball perhaps ahead indeed","301.41","true"
"1959","Tend really","125.22","false"
"1960","Bit green visit sign dog","351.33","false"
"1961","Campaign trouble","2.96","true"
"1962","Example able me","435.41","false"
"1963","Inside leave out eat together","188.86","true"
"1964","Job wide","231.38","false"
"1965","Experience number positive final against","92.98","false"
"1966","Off success employee add","254.52","true"
"1967","Chair walk stuff break","225.42","true"
"1968","Already final must position","382.04","false"
"1969","Management something own type","462.30","false"
"1970","Condition notice bill","359.20","false"
"1971","Over character","377.62","true"
"1972","Small company air population cultural","382.71","false"
"1973","His expert exactly","138.66","true"
"1974","Audience any","68.48","false"
"1975","Learn step truth however defense","428.00","true"
"1976","Newspaper down measure power","319.11","true"
"1977","Evidence father","276.03","true"
"1978","Parent him","152.77","false"
"1979","Across city","236.91","true"
"1980","Leg every down city economic","331.56","false"
"1981","Network process time","11.92","true"
"1982","Operation you value hit space","353.22","true"
"1983","Discuss best","419.10","false"
"1984","Plan seven know later nearly","435.18","true"
"1985","Have home","479.22","false"
"1986","Table entire he goal growth","221.45","true"
"1987","See into economic local","392.65","false"
"1988","Why full","32.30","true"
"1989","Develop might off issue official","308.61","false"
"1990","Standard around they material","90.76","false"
"1991","Character why per","442.22","true"
"1992","Loss economic half","66.41","true"
"1993","Leg thousand senior black buy","131.07","true"
"1994","Commercial southern","95.04","true"
"1995","Nor now","218.82","true"
"1996","Listen church resource","151.52","false"
"1997","Choose against name ability","26.58","false"
"1998","Your near","240.16","true"
"1999","Over lawyer really our","84.41","false"
