"0","tamaramorrison@hotmail.com","pbkdf2:sha256:600000$pf5ieZ9yQ86gLf49$d42546955b33b32cf9a99046667c3c1627d4278ca2d83a7d99b05a29d2475dad","Gary","Cross","9342 Lori Bypass Suite 711, East Sandra, MP 11019","86848.33"
"1","gwilliams@hotmail.com","pbkdf2:sha256:600000$M5InANd1VuWKBcZg$ada8f9c9ca95e39ea7aa7076565b8a7993f36501afde15a7b5310046d33263eb","Tracy","Robbins","792 Tammy Centers Apt. 258, Davidmouth, TN 23414","7698.45"
"2","craignash@yahoo.com","pbkdf2:sha256:600000$azTQYC50Z9p3n5Am$5b4d9d90cd764789cd41b0b919b59248c90372407f2c3e77d92ca3a345c5ab4e","Jennifer","MD","1428 Wilson Drives Suite 000, Lake Jordan, MD 48590","90977.65"
"3","shane79@hotmail.com","pbkdf2:sha256:600000$tISkMzAH8NBTwTPy$f7d66165091028837b3ba6bdee33fccee444cb830d5db88cba1cb5ae22041e2f","Michael","Moore","3492 Lee Crescent, Port Michelletown, MH 69420","73176.43"
"4","gsantana@gmail.com","pbkdf2:sha256:600000$meQHexp4d9WF1aLv$d92889d7f28d1979f116532ea0131a49a253aa42ae413073346f7e4c8f346594","Lauren","Robbins","634 Petersen Orchard, Lawsonbury, PR 03185","2489.45"
"5","hhunter@gmail.com","pbkdf2:sha256:600000$jG3yDhIhIpqXehxc$dd0efe3996c909c77d81036a792b3c46033824844e9e69674ab27809278a2547","Shane","Becker","16116 Jessica Burgs Suite 660, Calhounmouth, VA 33607","15115.05"
"6","dana13@yahoo.com","pbkdf2:sha256:600000$LUy8tfqDiMR2xFha$0bd0cf8cbac6208bb889034a495b2c74923e601b88c565598cc7eddfd509a397","Tracy","Brock","6065 Harris Hill, Davisburgh, WY 14737","41892.76"
"7","jamesbrittany@gmail.com","pbkdf2:sha256:600000$xdykxNrzkqpJ0pRd$e6a5a07f5d11cd9da5116ca2a4451d400ecd77b8192153971b626bba07153db5","Rebecca","Torres","763 Burns Parkway Suite 707, Douglasfort, AR 81915","30576.08"
"8","welchzachary@hotmail.com","pbkdf2:sha256:600000$NdQ6MLIoSdOrnefI$b939ca64e764c6cd3f0100210d5f1e4b32539539eed05def4d73fa6cc399b38b","Kevin","Williams","USCGC Carpenter, FPO AA 33891","73540.00"
"9","meyersangelica@yahoo.com","pbkdf2:sha256:600000$FTEp4GVJFUh6Bnhd$8b4988f6daa3dd8fc5e5a258f477bf4bcff7a851c6c274d4a9b6e53d7e8a6827","James","Olson","USNS Burns, FPO AE 37069","55618.49"
"10","glester@hotmail.com","pbkdf2:sha256:600000$nBa4Az16zEZh18D7$55c575d9f60a87a1d44e2b2039e3cf698005b713785f5f22bdb16d3de1c19979","Mark","Burnett","7403 Donna Park Suite 851, Derrickfurt, VT 25544","54603.05"
"11","oliverstephen@gmail.com","pbkdf2:sha256:600000$MXzcMDlMkRw27jI9$e723fa19cba02c14a6dbf017d3c6ebc68c630914b1fc1c64302cb74c6bef1e4a","Justin","Martinez","6007 Michael Skyway Apt. 738, Francisfurt, MA 35869","76048.48"
"12","rfischer@yahoo.com","pbkdf2:sha256:600000$pnktYBbkmzUUbJrh$6d40a6e5c1f464be6b968bf1b30debfc7dc4cf9d50118da5e9f4770f08b9718a","Gloria","Smith","8885 Lee Tunnel Suite 208, Port Donna, WY 74331","65708.69"
"13","richard29@gmail.com","pbkdf2:sha256:600000$b7nCx4muEuwLRNOm$494944a523623b99949270c27876d1183378666a60f676d5ed1c20f220139e37","James","Mccall","22708 Madison Spurs, Herringstad, AS 77293","11824.34"
"14","emily97@yahoo.com","pbkdf2:sha256:600000$XpqksR3bAGDoC2rS$5d51ffbe72bdf77eb0b690c8c24a523bc1777801ae9e167123d4bc3e4a6bec9d","Lisa","Williams","61511 Michael Fall Suite 905, Gibbsfort, NJ 11045","8640.81"
"15","tammy66@gmail.com","pbkdf2:sha256:600000$qK4B1UkCc5D6db1v$b108e89e96594bd7fae83e058f4d8642f5a6ca17ddcff1ddf4f5a1e0f3af9a72","Paula","Rodriguez","76914 Dyer Landing Apt. 997, West Billy, MD 51720","18026.06"
"16","rhess@gmail.com","pbkdf2:sha256:600000$2F0WWw6kkWQTdsO6$7c5b74e8b9559ac8600ef91647ad9617ffda3c8bcedfed43a00c28b27afabf59","Sabrina","Kelly","399 Joseph Street, South Christopher, AZ 01875","15751.75"
"17","lisa20@hotmail.com","pbkdf2:sha256:600000$xAML366L5JoW3N1n$158076c6f8e444677a066b185a0aebc1246f43772f23ab1e8535257816859699","Derrick","Romero","06897 Sarah Points, Nancymouth, VI 13284","3374.43"
"18","danielrobles@yahoo.com","pbkdf2:sha256:600000$dS1wa2aFUa1bkAav$76e798cef1330e5c5d31d5a8aaa131c05d8fd864b2720511a66c729a228e8b97","William","Bray","68021 Christopher Mountain, Port Aaron, MH 81948","61823.36"
"19","lopezsarah@hotmail.com","pbkdf2:sha256:600000$qTa5jnr0XooJ2n0p$d83f1ee0cd90cfe7370975c5b8731771e67d939a293bc28e053a5c9ced33a662","Jonathan","Wilkins","50592 Myers Field, Crawfordburgh, MO 06678","58352.88"
"20","roberttodd@yahoo.com","pbkdf2:sha256:600000$O3iFl04eRYLWhOBv$70e8813791fd60730319492a41d58eb26e3e4ae7a98cfb36b32bc5df7db1af8d","Alex","Clark","098 Hernandez Green, New Sergiobury, MS 50840","85394.10"
"21","wendysteele@gmail.com","pbkdf2:sha256:600000$YJFIMlC4QjxMGAwe$d65a2938d4524a5e878ff51c76d57ee7847ac4d2d8bee769c201fc4794b6d797","Zachary","Garcia","2458 Jason Village Suite 248, North Donnamouth, ME 93087","50190.41"
"22","martinolivia@hotmail.com","pbkdf2:sha256:600000$zykGt5imKDUwRK8S$5200b58cd949a6020b69945359d2113ddc3c1a6698c407757db83b27b203cc74","Crystal","Morton","42284 Howard Way, Schaeferburgh, IA 99887","82923.84"
"23","ryanbaker@gmail.com","pbkdf2:sha256:600000$XcjHcbMKU9lc9H2a$1f16e28b78a63e34d15040a981f2fa8d7fee1cd108cabc73328f5fe47226a6c3","John","Gross","4647 Kristine Fields Suite 710, New Dakota, KS 00638","32925.94"
"24","rmiranda@hotmail.com","pbkdf2:sha256:600000$XTUNrBohSNhIy9gf$f280bb26590d77c3c351202c4b2f8ffe9782f38d7af05e7de7a5a23bb3547a68","Evelyn","Hendricks","USS Silva, FPO AE 24883","74164.41"
"25","millerjamie@yahoo.com","pbkdf2:sha256:600000$93fvVCMwlv8SK2SC$92f3086cd3d72f674f922859e2e3b8749e05a755c88ea74c2b22a1262871bf06","Donna","King","811 Gonzales Trail Suite 878, Stonebury, FL 84948","68521.22"
"26","jasonestes@hotmail.com","pbkdf2:sha256:600000$tKXrVu39k0nVsYNI$ba9e3d5c85950b43104660508d56f64f8fe7da38869b519d69cce7cb5957c0e3","Zachary","Martin","3959 Marc Divide Suite 828, South Timothyburgh, PA 47416","93187.34"
"27","christopher96@hotmail.com","pbkdf2:sha256:600000$B7m8G0tsyFvhbxRa$624c667da09da555e4f3b14c272468fbc42da985e767f75b805e9196c1378072","John","Robinson","4229 Derrick Wells, West Tyler, ME 19541","94312.62"
"28","marissa66@hotmail.com","pbkdf2:sha256:600000$J1uU2vEjwoxs436j$e7ac163cdba47a96c69785516ff9f384813a4e039bdee60e31565cf3d7ab570e","Brenda","Berg","049 Black Ports, Clarkborough, MO 11999","18618.72"
"29","luke15@gmail.com","pbkdf2:sha256:600000$KVwEFGFCLHlhohfg$e7d2fb4aa8ff3de0d60d71a30f7f492b6b04750420245df886a59902e82cd6ca","Jacqueline","Howell","Unit 8666 Box 0271, DPO AA 83004","28397.52"
"30","tbraun@gmail.com","pbkdf2:sha256:600000$4hzWiuht0IE7j1Cb$497d9d29ae22f8b5bd52cf4e4b31ff425c7be7d34fccc34d66d2b449fc4f063d","Mario","Shelton","55466 Tonya Shoal Apt. 319, East Monique, IL 59873","50469.88"
"31","codyherring@hotmail.com","pbkdf2:sha256:600000$5IYyd99qT4Z4hU2k$f1eb3de6868e9711974edf919f1e9db38de3d4a53a4d8dadf8189493040b9d66","Erica","Le","61604 Kevin Pine Apt. 850, North Christopher, WV 44768","73359.74"
"32","bmorris@yahoo.com","pbkdf2:sha256:600000$BEO501P9b4dhkoDo$ae4b51b223229e527232ceffb8370fab1f7ec996e6e4dfc72c13824411d22fc5","Janet","Ford","301 Daniel Viaduct Apt. 369, Andreaton, NM 54757","77503.93"
"33","timothyhuang@gmail.com","pbkdf2:sha256:600000$WVSCzzX6OdHNntqY$2ee6217dff369ed850b37e3c3f6a2b388e00e9916eec7342f33a13039108514d","Crystal","MD","446 Brenda Grove Suite 710, Jeffreymouth, SC 41049","83616.00"
"34","smithdouglas@hotmail.com","pbkdf2:sha256:600000$89IZbO4HOaNZRUZX$5af3b35f63f7502df21e6c0ed7768e624b46914049c745fd196947c641efc152","Bobby","Hunter","17724 Roth Well, East Samanthastad, GU 98412","53187.24"
"35","robinjohnson@hotmail.com","pbkdf2:sha256:600000$0ikuL0L9xcYg5hF5$3d8ead95ab2c099fad468033154e1e19281e6a99bfa2b06a5afb7ad442b0d6e3","Trevor","Mills","8799 Stuart Key, Davetown, MT 48169","27369.03"
"36","ffuller@yahoo.com","pbkdf2:sha256:600000$6s89Kwal9wZMSw7m$c7f2181bf0182611109e8dbfa4a6ce22eb4eb2475f2520cd91c4a624a20ad17c","Mrs.","Yates","4758 Kimberly Lake, Phillipside, SD 78510","14282.21"
"37","katherine45@gmail.com","pbkdf2:sha256:600000$a2IZOkkWrEB2CJRW$e511f5c3b263ef2b851854d5492a5c04b00c8b32be76a5cf1078bdef11a066fd","Rhonda","Marshall","228 Thomas Garden Apt. 841, South Juliefurt, NH 64023","22012.16"
"38","collinsgordon@gmail.com","pbkdf2:sha256:600000$2Nw2p7GzYtq4bVPr$2a7562e04be2729172951f8ad5298d1460884614d223930fd06163df1f754b39","Emily","Crawford","5953 Braun Drive Apt. 720, New Melissaberg, WV 14838","5431.03"
"39","wayne82@hotmail.com","pbkdf2:sha256:600000$yRBq3GUu0ds3swWB$a5df6afa4597819fd054de638b2906485b0fb15fa2f3536585b8396d72af8605","John","Lamb","3621 Zachary Squares, Port Julieville, FM 78001","22935.51"
"40","erin71@yahoo.com","pbkdf2:sha256:600000$7q2KNPEeo1vQg8Xc$660d547f9583d4c1b0d643b888445df430ee4528fa226b2be34a99a441272256","Kevin","Murphy","Unit 7406 Box 0712, DPO AA 43696","49277.09"
"41","michellejohnson@gmail.com","pbkdf2:sha256:600000$JY5leSbaTI5V9keb$9672e2e401f9af8f95c657915a98390de1446a8a4452f167831e3572d27771e5","Jill","Barr","1193 Jason Summit Suite 891, Port Paula, WI 79877","99074.38"
"42","andersonpatrick@gmail.com","pbkdf2:sha256:600000$0HjDxfHg55NL7JBN$76fd42713612e932123ca109d42cd04ea33aed3b4b4903dbcdb158fb6a0fa8bd","Brittany","Johnson","06642 Johnson Island, Stonehaven, AS 47198","93067.80"
"43","jesse33@hotmail.com","pbkdf2:sha256:600000$Mi1HuYmRXLDgi1iF$e8204a2a970476a91f3f53a60b5bf177eef1d460d34bf5b4213704d3fb0a26ab","Dawn","Cannon","256 Natalie Skyway Apt. 861, Lindaborough, NY 39901","11868.52"
"44","kathleendillon@yahoo.com","pbkdf2:sha256:600000$YcfHnpN8DaVCObpB$dbbabf693b32e57031ede204cc6134802818ae52418796d7d24b3ccd9201ed6d","Jennifer","Harmon","318 Jill Neck Suite 459, East Blakefurt, KS 67637","53954.17"
"45","daviskatrina@hotmail.com","pbkdf2:sha256:600000$JpKXQWbBv5iUNuWo$31ba8eda233bbb9cb93c81dcd13cf483c97e5506f77369201e0d377e9c93cd4c","Kristie","Maynard","4958 Duke Trafficway Suite 980, East Joyce, IN 13374","21098.19"
"46","joshuakent@yahoo.com","pbkdf2:sha256:600000$ZYLnKmZ416UbEXNB$da3373b4a96f885567020876492727e515eccdc459f09857ce30b52901f75e92","Billy","Graham","PSC 3697, Box 7450, APO AP 79601","94151.26"
"47","laurie57@hotmail.com","pbkdf2:sha256:600000$COAmxV8EIgmxzCSM$ba3afd41b10e3e8d79ace201da4541acb924ff80e34bd194edfdea88c85a4179","Amber","Wallace","83780 Flores Pine, Lake Joanne, OH 32464","8523.97"
"48","alopez@yahoo.com","pbkdf2:sha256:600000$nB05lbXmyWFtrbeU$bc2749380239e3e282cdb8990bb866b63560ff472edc2c9caee118ce67c66417","Alexandra","Rowe","57155 Booth Knoll Apt. 633, New Steve, PA 56456","93052.07"
"49","heathercrawford@yahoo.com","pbkdf2:sha256:600000$yn3Bhzhy472a9sEG$45711e90c0dd839660b30f220341b9e90811b7c4d97b40b405f9eedfc5c9cf05","Miranda","Reid","84614 Martin Throughway Apt. 422, Jasonshire, OR 21365","1249.44"
"50","jenkinsmatthew@gmail.com","pbkdf2:sha256:600000$AYv8kPcI0ekGjiw1$002de3ae6aa5c34577b886e1c4423c22f78619a5242ded68a739ff33c501a0c7","William","Bass","3236 Gonzalez Ford, New Juanborough, NY 13836","95548.37"
"51","armstrongcolleen@gmail.com","pbkdf2:sha256:600000$Pzgdrys8TaIL61lE$952793ccc9bb01f2c01b2e94719e14c3ad4c1dc6fef9fac4623fd507d6d7e3d0","Sandra","Powell","475 Rachel Light Apt. 640, Bradleystad, SD 88877","19081.98"
"52","tonya31@yahoo.com","pbkdf2:sha256:600000$Dp90qU2LnCrpvixv$b2c734a4582a7e4c2ab175e43ed1e840fe5ca5ff2d045a1a9240a181cc54d7bf","Natalie","Lamb","8253 Leon Way, West Alexandra, MN 51941","19771.21"
"53","floresemily@yahoo.com","pbkdf2:sha256:600000$9c234Iz4Ys6T4FBJ$76ae1ca0022c639812dab58f814349373c56d21636bf597e9872e493ce38615d","William","Edwards","70754 Strong Camp, Port Ethan, WA 93954","34989.00"
"54","patrick03@hotmail.com","pbkdf2:sha256:600000$vWEtLzsEHSXmtM2y$80b1e06647ec3705c533dd084ae44ab13c368828ec1ab7d84f6300fd05941481","Ms.","Edwards","0066 Heather Springs Apt. 563, Kaylahaven, MI 74609","21530.66"
"55","qwilliams@yahoo.com","pbkdf2:sha256:600000$wYlLBUMVwX5rUQ3H$2e2fba83e41a569e1eb48932679b4cb397dfc566125d976c003c24034200a71e","Meagan","Graham","071 Carter Mountain Suite 791, Jasonchester, NH 46603","72751.49"
"56","snyderlauren@gmail.com","pbkdf2:sha256:600000$3JfwVoHMg6rA7pu5$7438929adf832f951c77cfca3531199d30b52a1546f05361be3722ee07a8900e","Brianna","Gill","583 Ann Hills Apt. 225, North Justinchester, NY 33827","82156.12"
"57","sydneywagner@yahoo.com","pbkdf2:sha256:600000$bkgZJoadJYng7Zd0$dd6a41baae436f662a4c4bcdc207f7190ca3b5a5b0245aba1959274fc82307c3","Adam","Burns","9906 Leslie Manors Suite 325, Mckayside, FM 37483","33163.23"
"58","quinnryan@hotmail.com","pbkdf2:sha256:600000$0PYxmBGKQxRirdEA$6c30c08bb8f7847213b91bb98a3b7c5ba939f571cee24b12a11df95f4b53f81f","Jessica","Reid","8505 Christopher Oval Apt. 380, South Coryberg, PR 62974","99496.08"
"59","prollins@hotmail.com","pbkdf2:sha256:600000$AN5WYyKpxYyswCcI$330d798bf95c114939f92a95bf6558fcd0d58a1c2cd5c0158f4f5a4293c38460","Jaclyn","Sanders","1034 Jason Corner Apt. 239, Walshport, MH 20992","38702.79"
"60","trobinson@gmail.com","pbkdf2:sha256:600000$2aHr1erkSMtxqSbe$2175a7f401ecfb090c6f555584edfcba99235fddb73ceab91cf7493d37261268","Dr.","DVM","831 Wilson Center, Lucaston, NV 90343","28909.99"
"61","mjohnson@hotmail.com","pbkdf2:sha256:600000$xaq3RjvfwNZt4yBu$9138b7d23f2676c64d1ada6f1b9a8322c2c3f6edc4f885ac312d5abb460e3913","Kevin","Cruz","698 Daniel Common Suite 684, South Steven, SC 84883","99488.75"
"62","russell73@gmail.com","pbkdf2:sha256:600000$iEjqyGZ8LCDR0TZR$13158d6c99a744533342ed757d031c353ecf6b85e4bcad08b2b6524c89dfdf9d","Thomas","Austin","70212 Erin Creek, Port Ronniehaven, MH 03316","26216.58"
"63","sandovalmelanie@hotmail.com","pbkdf2:sha256:600000$mWKG4BV3ITC12JfA$c514076ef8ea795b10672bf2d03541dc40fc8c61e6815c76a3ba9c6d05c9f648","Anthony","Johnson","780 Sanchez Forks, Kristinehaven, KY 99177","6533.35"
"64","saraperez@yahoo.com","pbkdf2:sha256:600000$6RHGs73bF0l1PSNn$d6e8be55210d3a70898f20d58dd7d60e48f8b1a07d5528de67111d6ebf1e4231","Olivia","Meyers","9708 Harris Ville, North Mark, VI 64810","18964.98"
"65","marydaniel@yahoo.com","pbkdf2:sha256:600000$UIafNuoyNAwoJQmg$655c8a5deca7cb95a96d5910f9a09aa194f562427850fda303c8ac2bdc2ad678","Tonya","Jacobs","734 Johnson Lakes, Tiffanyshire, KS 31092","45844.67"
"66","cmoore@yahoo.com","pbkdf2:sha256:600000$owYohmJKUa6UzuvA$aa36d711fafd272db34e5f110dbd2db0ba5a492ae6b0d58fce94aadc7babaa4f","Joshua","Whitney","54924 Susan Pine Suite 431, Wilsonside, NM 98475","52481.03"
"67","scottalexa@gmail.com","pbkdf2:sha256:600000$1QwM29GHRfT1cr0s$573dca9d55d814bdadd54737cd0bef3db0e6b7600d3b2acb00916ea119317ea9","Diana","Woods","9920 Candice Fall, Port Anthonymouth, AK 93360","46166.53"
"68","opark@gmail.com","pbkdf2:sha256:600000$jWU29GgXyhssXXWI$03673f472635bfe4bd62d08871a4d1fd08a715a3961c82e6dc791b97c02d16a1","Robert","Allen","451 Katie Row Apt. 782, South Jacobfort, DC 03907","32390.55"
"69","timothyrichards@yahoo.com","pbkdf2:sha256:600000$KrjLuAwzcGUz81cC$22f536f44504b9861b3b7299e835a6889663567dfe45c80c5b212bdf02f675fd","Daniel","Clark","861 Lori Mount, Paynemouth, OH 29937","496.23"
"70","claytonperry@yahoo.com","pbkdf2:sha256:600000$NNSzcwQr6FJDRXdZ$af3c79090f9b1beca02f22aef04103999030500c35a1a326c82b9a68d66d819d","Kevin","Edwards","Unit 7882 Box 0107, DPO AE 27623","59018.84"
"71","gleach@gmail.com","pbkdf2:sha256:600000$GnGWStMMS1YDD19e$d30a9cf014602a008f81eae24e40cedd3b4a7b332a45035981d8b6e5344b7631","Carl","Jones","09043 Jordan Mission Suite 349, Mcculloughport, NV 29230","98616.63"
"72","sharris@gmail.com","pbkdf2:sha256:600000$HovsZX5BO5fEJwjM$362e557d75af3e6ea279047befbe7fc13500b6fa2dcecf439682196836264128","Jonathan","Whitney","65659 Kirby Island Apt. 019, Rodriguezmouth, SC 29288","55552.55"
"73","ppollard@yahoo.com","pbkdf2:sha256:600000$JelHpn5Z1vuRNtfm$9a088e0896c00d5b15eaae7282575b19b4e103bc0671825e42e44ec0a449c2fc","Teresa","Robinson","PSC 5243, Box 1466, APO AA 61440","11832.73"
"74","cynthia69@gmail.com","pbkdf2:sha256:600000$XnbdHP1iVI1v8dQX$a357f8631b4511ed8bf258a33a7f22b51e73daa7c49c01c143c210de5a4a1499","Jenna","Davis","4173 Wells Garden Apt. 105, Thomaston, CT 13358","47426.45"
"75","adunlap@hotmail.com","pbkdf2:sha256:600000$hd1bPmNyR3UF8qUt$032db23c2e9b0ddba0e932cdc5d7c916589d608d64a8994e17c66bb0cfa82ae7","Ronald","Rangel","USS Jackson, FPO AE 41935","92965.96"
"76","michelehicks@gmail.com","pbkdf2:sha256:600000$O6Om9jLnrTGKzSm3$769ff6ef4da7f00aa5f960e532dfb2513a178b83e49c0611a9dae827f29a68b8","Laura","Johnson","14780 Robinson Views, Matthewsfurt, AZ 73923","8389.50"
"77","greenbrent@yahoo.com","pbkdf2:sha256:600000$XfDMmPXPoocsNSWC$6180034d3af40d88ace583f5d10c8eed0dec0118471fd0105eeb0599e9396e52","Christine","Murray","29575 Christopher Radial Apt. 164, North Matthew, MA 63168","86833.61"
"78","wpeterson@yahoo.com","pbkdf2:sha256:600000$6tIG12gkc41l84tg$10662a6cf2c601fce3dfe1928e3a4bbb21211468fc55a236860bfe421e03ca27","Debra","Ruiz","730 Joshua Knolls Apt. 997, Rhondabury, PR 03706","28426.49"
"79","ojohnson@yahoo.com","pbkdf2:sha256:600000$Nt2bph3ypsu3newT$afb4823fff4f5abec20779f56ea8a96cf7249f10f746791c1bd866ad72397c04","Crystal","Williams","415 Ruben Creek, North Grant, ID 26782","85183.43"
"80","margaret52@gmail.com","pbkdf2:sha256:600000$9PR9Yh8Q5FeD2fvo$1d6d8b3e022981cb0994234e86e511d917e947e1d13f3447a392b9791514826d","April","Huffman","6159 Mary Parkways Suite 452, North Jamesland, MD 29524","47263.88"
"81","jwalker@yahoo.com","pbkdf2:sha256:600000$c6em80cs10nyFQeu$6d10b8fe4f892c49a244bfdb5463c9348a8b8faad42745a28416401b8ad13c6e","James","Brooks","98448 Laura Overpass, Ronaldview, NJ 06050","87798.57"
"82","robertsonnancy@hotmail.com","pbkdf2:sha256:600000$K3eIosfaMq3ZtVOP$b9b09326c0b3e8d87f361e2a84d2148c49a5d0fccd5b362ad9e37ff21ba26049","Shawn","Pearson","18519 Blanchard Key, New Adam, ND 45067","66671.80"
"83","wrubio@gmail.com","pbkdf2:sha256:600000$Zu6oVGi6Bqbbyi3d$3e76bb6064b91e9c6bdc43b0612a4dfae7c46acad8c1dc58c8ae3a783ccc6e99","Christopher","Strong","2099 Martin Mountain Apt. 475, Melissachester, NC 08966","67430.64"
"84","joshua50@yahoo.com","pbkdf2:sha256:600000$vT2QztJ0qftUi5aD$c699b6aa3a2cd7bc7dea0ab791e8280a1756995ac3e8731766432ef9d9abe644","James","Lane","USS Harvey, FPO AE 80138","2138.66"
"85","logandillon@gmail.com","pbkdf2:sha256:600000$QjV1pTkac8GHbLPL$1b448a996954ecbd55b8ae640087117f3dc23e6b43c0e8daa5d0a26de2b1e8ce","Amber","White","6675 Mccoy Trail Apt. 718, Derrickmouth, AZ 58714","69257.73"
"86","gregory68@yahoo.com","pbkdf2:sha256:600000$lOSxSZKp6LkYUYXY$1452808f740fef5b7cc9f3668ffb64f35d96f608606a7d4d3d82e78be52b64b6","Penny","Blanchard","1508 Phillips Loaf, Waltersstad, AS 62978","88305.33"
"87","angela22@gmail.com","pbkdf2:sha256:600000$HgnRJCuLAiQHleX7$1d9936a9b6313cc10d4afc4a9e3bd6f26f9d3ae748406f4bb7e6291c6c591578","Michelle","Snyder","34479 Perez Circle, Port Jeremy, MI 44354","93717.43"
"88","browningalfred@gmail.com","pbkdf2:sha256:600000$bsfjtz1iNSyJxWmN$49a2cd56cb4cb021ba7a50e84b374f7505748bf4eed595156602b816854f37f1","Cindy","Kelley","888 Brian Mills Apt. 202, Zamorafort, CT 87862","58697.93"
"89","michaeldaniels@yahoo.com","pbkdf2:sha256:600000$B4cyo6fJsrkO5vsT$77be40cf8898cb4c075f2be2e4e7f4a364768ffc36c6cdcff3685ee70fd683c2","Brian","Hernandez","269 Michael Fall Suite 500, Jasonshire, OH 99068","26979.73"
"90","dalton68@hotmail.com","pbkdf2:sha256:600000$iga0SYPNxkCbuOOl$daee6e184026f031e345a066189dba38023278f49e0c550e40c7abddc4505e63","Robert","Davis","3965 Aaron Neck Apt. 314, New Johnnyton, KS 14454","96385.32"
"91","steinpamela@gmail.com","pbkdf2:sha256:600000$u5nxhlLzJdyX77Zy$979064f23c5fdbe19ccda229ff6daddd56f22e2cd5aede8d9656133f7d524586","Jack","Rice","133 Zuniga Summit, Robertston, WY 82718","6640.61"
"92","uleonard@gmail.com","pbkdf2:sha256:600000$ZmjaybghTwVtACtA$af674b8f38d52ada630b7671880dbf84593f06731fa7408286918567f04ff808","Jamie","Webb","1698 Judy Hills, Port Isaacport, MN 42777","85967.25"
"93","edward11@yahoo.com","pbkdf2:sha256:600000$0f46g1Elg2hqcu6F$271b0f9921631f67d31b740db82ae3b0fc47f82e035a8aca057be77f64fe43ea","Nicole","Clayton","42040 Megan Inlet, Ebonychester, FM 55429","29819.67"
"94","rmiller@gmail.com","pbkdf2:sha256:600000$i7fKGaxYM53cXFZQ$bf18cd39c93be53f21ec112a6bd166f3b4202ecfe8508184798cff0c365f548a","Douglas","Simmons","5322 Lewis Ferry, West Joshua, AL 20870","41788.36"
"95","rwebb@gmail.com","pbkdf2:sha256:600000$sgjBMOoJf6ulPMDu$2ee270d4381115734170655929c55de775726c324a6b655b2b866a6fb5ad386f","Patricia","Wright","51666 Matthew Unions, Williamshaven, DC 40583","49020.28"
"96","delliott@gmail.com","pbkdf2:sha256:600000$ROkSVTomlRBOEC1B$43c3b289ce705302c00b024dd2db03a52092f7b0d39848e66310e50ee1bde484","Randy","Maddox","809 Brian Rapids, Conradfort, IL 03668","50693.79"
"97","ibright@yahoo.com","pbkdf2:sha256:600000$7Fq4a2tvpL87CovX$2b1a6bce815f35a28f7e7badfe73b6d61549601c15e47e954f053913f93596eb","Kelly","Harrison","PSC 1367, Box 4481, APO AE 94984","76632.51"
"98","jdunn@hotmail.com","pbkdf2:sha256:600000$YV2nXyGcczDsFQW3$73128b23cc50fd20ccba59f8fb05ad77eca79aa312a9f079845deee39ed230f1","Anthony","King","31429 Roger Wall Suite 884, Sandersview, OH 44601","61917.12"
"99","andrew62@hotmail.com","pbkdf2:sha256:600000$I6MVS3VaZ792fHFT$fa9147899a03fc73cb04611268a2e7966b044ccaa06929d5d1c407cdf7442b19","Marie","Richardson","13296 Courtney Street Suite 545, Mosestown, WI 04449","54693.63"
