0,icecream@tastes.good,pbkdf2:sha256:260000$1GvmeoAkcWb89TyU$5f711eafb243c1c1a884715dd9bd6d185f29ccd3dab59ad19cc201a7260091cb,Joey,Shmoey,"123 Cream St, Flavor Town, FT 12345", 00.00
1,fruitsalad@yummy.yummy,pbkdf2:sha256:260000$1GvmeoAkcWb89TyU$5f711eafb243c1c1a884715dd9bd6d185f29ccd3dab59ad19cc201a7260091cb,John,Doe,"123 Cream St, Flavor Town, FT 12345", 18.52
2,yourmom@gmail.com,pbkdf2:sha256:260000$1GvmeoAkcWb89TyU$5f711eafb243c1c1a884715dd9bd6d185f29ccd3dab59ad19cc201a7260091cb,John,Bay,"456 Health Ave, Salad City, SC 67890", 32.72
3,c,pbkdf2:sha256:260000$1GvmeoAkcWb89TyU$5f711eafb243c1c1a884715dd9bd6d185f29ccd3dab59ad19cc201a7260091cb,Jing,Liu,"456 Health Ave, Salad City, SC 67890", 86.23
4,apples@bananas.com,pbkdf2:sha256:260000$1GvmeoAkcWb89TyU$5f711eafb243c1c1a884715dd9bd6d185f29ccd3dab59ad19cc201a7260091cb,Rohan,Tarapara,"456 Health Ave, Salad City, SC 67890", 69.69
5,fruitsalad1@yummy.yummy,pbkdf2:sha256:260000$1GvmeoAkcWb89TyU$5f711eafb243c1c1a884715dd9bd6d185f29ccd3dab59ad19cc201a7260091cb,Rohit,Tarapara,"456 Health Ave, Salad City, SC 67890", 12.23
6,fruitsalad2@yummy.yummy,pbkdf2:sha256:260000$1GvmeoAkcWb89TyU$5f711eafb243c1c1a884715dd9bd6d185f29ccd3dab59ad19cc201a7260091cb,Baljeet,Tarapara,"456 Health Ave, Salad City, SC 67890", 23.23
"7","jamesbrittany@gmail.com","pbkdf2:sha256:600000$XRgIQfTwNeoiJfqp$74ea7c18f8c022bc0f177c142ef6be39e518530980bd7e82aff1df6e3246fd2b","Rebecca","Torres","763 Burns Parkway Suite 707, Douglasfort, AR 81915","30576.08"
"8","welchzachary@hotmail.com","pbkdf2:sha256:600000$hCOMFzRQE7elZDyu$548699bde04bdc33213748f799bb7a5e5b253432ed6200a4a417da55a0c1e5b5","Kevin","Williams","USCGC Carpenter, FPO AA 33891","73540.00"
"9","meyersangelica@yahoo.com","pbkdf2:sha256:600000$9YuPMmGGzWPrsiBC$5137580f81951d37a66ee2173419e343afaccde01d412daa8671aad1dd962ee6","James","Olson","USNS Burns, FPO AE 37069","55618.49"
"10","glester@hotmail.com","pbkdf2:sha256:600000$BR6Su0NjnY9vg9Su$74419731f23969f91207c4c349f0c0c893d63acbcd9352476763ae3294f674c0","Mark","Burnett","7403 Donna Park Suite 851, Derrickfurt, VT 25544","54603.05"
"11","oliverstephen@gmail.com","pbkdf2:sha256:600000$GBaVHlkQigkee1YM$6e552ea13d7af5f041f417bf538520abe9c9684cfc67a9703cf93d1bbe154c94","Justin","Martinez","6007 Michael Skyway Apt. 738, Francisfurt, MA 35869","76048.48"
"12","rfischer@yahoo.com","pbkdf2:sha256:600000$pp0NU1Ro3dgpsxUe$ab63060c0bc687bc04c6ce8ee2b3a7fa69405f5f9a37c5943760cfe7abc1dbef","Gloria","Smith","8885 Lee Tunnel Suite 208, Port Donna, WY 74331","65708.69"
"13","richard29@gmail.com","pbkdf2:sha256:600000$ugUiLDQDhfQqFZg6$c389a129fd30564d9abb39c81e59d297a4bbebe8249e0da5928b0a958007c278","James","Mccall","22708 Madison Spurs, Herringstad, AS 77293","11824.34"
"14","emily97@yahoo.com","pbkdf2:sha256:600000$6ulBEzEyNgDf5Jbz$3258d1ad9b8c4ad797862ec2c6f7bf9b3407d367080d4e1b71c29b66fda7bbfc","Lisa","Williams","61511 Michael Fall Suite 905, Gibbsfort, NJ 11045","8640.81"
"15","tammy66@gmail.com","pbkdf2:sha256:600000$HumuPBayvtV5vpBF$04dafaf1206cacab938ca96ad29ddf3348cf25cbca627117662f391b43ee59af","Paula","Rodriguez","76914 Dyer Landing Apt. 997, West Billy, MD 51720","18026.06"
"16","rhess@gmail.com","pbkdf2:sha256:600000$Z3kuxea9W4pPGBoK$790a0327b0d9a7eab99ac0e0edc3b71e6fe28ca9d7fdba542b5985ce8d7c05cd","Sabrina","Kelly","399 Joseph Street, South Christopher, AZ 01875","15751.75"
"17","lisa20@hotmail.com","pbkdf2:sha256:600000$G8XVFiWWbgj7I2yE$9b928c674da18464646bc21b3151391bb66aecd491f87de5d9e480e95488a319","Derrick","Romero","06897 Sarah Points, Nancymouth, VI 13284","3374.43"
"18","danielrobles@yahoo.com","pbkdf2:sha256:600000$1IoV1pE9TKTzV2bt$da0274d1239a0b8ddc2a550b68325f4bbd215a80fe64f2992e57c275f940ae64","William","Bray","68021 Christopher Mountain, Port Aaron, MH 81948","61823.36"
"19","lopezsarah@hotmail.com","pbkdf2:sha256:600000$Zzg7Fuyi3jjkq7Mg$6953fa3b71699a15d3ab267c94b54c7e90c52317ff37f64a2714e250e3c478eb","Jonathan","Wilkins","50592 Myers Field, Crawfordburgh, MO 06678","58352.88"
"20","roberttodd@yahoo.com","pbkdf2:sha256:600000$CpEG0pj78jHRDeTB$8d063c46eecb1a8bd8707f2d661dd0d05a7bdf18e29409fbb6e5df5ec375279d","Alex","Clark","098 Hernandez Green, New Sergiobury, MS 50840","85394.10"
"21","wendysteele@gmail.com","pbkdf2:sha256:600000$OZM1uLVYt3kUT339$d5ab894f2501c0f4f1e3ca84eb397a34a762220cee11675f6d4bb5a3387017f1","Zachary","Garcia","2458 Jason Village Suite 248, North Donnamouth, ME 93087","50190.41"
"22","martinolivia@hotmail.com","pbkdf2:sha256:600000$i2cvZxHGQwE9rlJj$6e1c3b322015ee38b8d7701d0d8bbb43550141bdf9bce4d5a5a89103b3b248a8","Crystal","Morton","42284 Howard Way, Schaeferburgh, IA 99887","82923.84"
"23","ryanbaker@gmail.com","pbkdf2:sha256:600000$9ZMMMUBY4tanAlXm$8387646f2ca5ef4821fba8a0086d1c430d5d52d0141b850390322d96b5881562","John","Gross","4647 Kristine Fields Suite 710, New Dakota, KS 00638","32925.94"
"24","rmiranda@hotmail.com","pbkdf2:sha256:600000$pi4PEg09vS9GLmZ7$03a8f71a9e6b5b141c5c1f3667d682f463c8a68c596bbde6058ecb5c06750422","Evelyn","Hendricks","USS Silva, FPO AE 24883","74164.41"
"25","millerjamie@yahoo.com","pbkdf2:sha256:600000$sj1eYOJyO92c99L3$bc2873be8cbcd6a9dde11b3b0f754f459a722d04a8b4c420774f1c77f804a510","Donna","King","811 Gonzales Trail Suite 878, Stonebury, FL 84948","68521.22"
"26","jasonestes@hotmail.com","pbkdf2:sha256:600000$EQdfnIqNnXuAuAlY$092eeb60d73149f23d5f9b2289ea674ca614e0ef43cbbf83d09c0ecb6f54068a","Zachary","Martin","3959 Marc Divide Suite 828, South Timothyburgh, PA 47416","93187.34"
"27","christopher96@hotmail.com","pbkdf2:sha256:600000$AGSoNiZYbHdnZlvh$040b8c2b1efe239c7b6ebf500f7c595cf2e2657fb43d4f38e64b45f1f9ffcd94","John","Robinson","4229 Derrick Wells, West Tyler, ME 19541","94312.62"
"28","marissa66@hotmail.com","pbkdf2:sha256:600000$WUQG79pzzl2lfp2I$d6724b459077d5ab3d1d0d23fdbbd94c95ae7381a527337e0820383b93fac99e","Brenda","Berg","049 Black Ports, Clarkborough, MO 11999","18618.72"
"29","luke15@gmail.com","pbkdf2:sha256:600000$6P8rb1WcLmlrMzqL$de09f1e4d3eb7c1e4f8bd0f4f0293815586550d643ad0bb57141bd16c3ac4dff","Jacqueline","Howell","Unit 8666 Box 0271, DPO AA 83004","28397.52"
"30","tbraun@gmail.com","pbkdf2:sha256:600000$3HTT90yuS0mN4Yoi$71d9f2a69f05eee795c34279f85305ecdc35752e3d94e9215bb7415cdece1fec","Mario","Shelton","55466 Tonya Shoal Apt. 319, East Monique, IL 59873","50469.88"
"31","codyherring@hotmail.com","pbkdf2:sha256:600000$2VnJhu7ICAPt9I6W$649a10600de9b3f3b80410ced1d88f4181050f7974d1c6c4dab7f0157f94c3f2","Erica","Le","61604 Kevin Pine Apt. 850, North Christopher, WV 44768","73359.74"
"32","bmorris@yahoo.com","pbkdf2:sha256:600000$M1Q76klAvrRWTPGu$ad107302e109ca1e7b176fc2280fe9879876d67cfe172fbe4b8d015992160cf2","Janet","Ford","301 Daniel Viaduct Apt. 369, Andreaton, NM 54757","77503.93"
"33","timothyhuang@gmail.com","pbkdf2:sha256:600000$mltELFhz795hK7IJ$39c5094d2cd93e11388848806fe6b73c91dc65d5c654103b68396f3c3a4dade5","Crystal","MD","446 Brenda Grove Suite 710, Jeffreymouth, SC 41049","83616.00"
"34","smithdouglas@hotmail.com","pbkdf2:sha256:600000$9x3Aqv8tG1UtLD0s$9902fd04cb7f3773e99c827166233d54a0b9095207ff6f41a5f4cb17d539f027","Bobby","Hunter","17724 Roth Well, East Samanthastad, GU 98412","53187.24"
"35","robinjohnson@hotmail.com","pbkdf2:sha256:600000$YcvAA5MGS9Fh96Tq$028e3787dbf16f5f4d744723ecfad05fd4a89e0aa1e2327fad260507b81d97bb","Trevor","Mills","8799 Stuart Key, Davetown, MT 48169","27369.03"
"36","ffuller@yahoo.com","pbkdf2:sha256:600000$YbPEHNFAz6IagOlv$0cdf7c43e4f0bb38871709d75146065687f892e28cfb1a94235c6dd278668cc0","Mrs.","Yates","4758 Kimberly Lake, Phillipside, SD 78510","14282.21"
"37","katherine45@gmail.com","pbkdf2:sha256:600000$tuSbIwBKQUMwSEhZ$ba390f9320cd83874b4fe9d5cf2233786d9e1bcc254bbbf18b2bbb9a8c08e7b1","Rhonda","Marshall","228 Thomas Garden Apt. 841, South Juliefurt, NH 64023","22012.16"
"38","collinsgordon@gmail.com","pbkdf2:sha256:600000$isusyOqHpNmMc17g$2cd0433352b4c0a6f376dcdb80a5c7bd7e66e6921e913fe9f9f1b97dd755f1a0","Emily","Crawford","5953 Braun Drive Apt. 720, New Melissaberg, WV 14838","5431.03"
"39","wayne82@hotmail.com","pbkdf2:sha256:600000$pDiAa4eMXNPI8asj$75815da7483d7c86382df74a244eb3fe58a38cf4b4acd0abbc7c08b726f570c3","John","Lamb","3621 Zachary Squares, Port Julieville, FM 78001","22935.51"
"40","erin71@yahoo.com","pbkdf2:sha256:600000$l6j7FTGlDYUwV7mB$674ae4a9159a6aa393bff365d8a18693ac3ed0d6d99cbd26db3e0e35a76bbb4b","Kevin","Murphy","Unit 7406 Box 0712, DPO AA 43696","49277.09"
"41","michellejohnson@gmail.com","pbkdf2:sha256:600000$ENQR36Gb8CN7m6jT$d433b1e2433bbb6dbaccd4790f0b35b1c7533a158cf69b378ebedd65e77e353e","Jill","Barr","1193 Jason Summit Suite 891, Port Paula, WI 79877","99074.38"
"42","andersonpatrick@gmail.com","pbkdf2:sha256:600000$lXUfMWzWmlrxcqil$44f0306f3eb53484f091233975609f568f81213e47b9a47a9008bf054dd500ce","Brittany","Johnson","06642 Johnson Island, Stonehaven, AS 47198","93067.80"
"43","jesse33@hotmail.com","pbkdf2:sha256:600000$bBaY9gbfb6abrLgR$300df86343eaa8858a9f2fe97aa543b4c2878a91858741aa5537589133d07c6c","Dawn","Cannon","256 Natalie Skyway Apt. 861, Lindaborough, NY 39901","11868.52"
"44","kathleendillon@yahoo.com","pbkdf2:sha256:600000$Aoucp5sBBFegUIjX$d77dc441eb670cf251654e82951fe9d2684ce51893d5cae3b5c49a71f8631850","Jennifer","Harmon","318 Jill Neck Suite 459, East Blakefurt, KS 67637","53954.17"
"45","daviskatrina@hotmail.com","pbkdf2:sha256:600000$jXdZAhminalwjh95$69c1a7bb5df38ec8f35a4166228f029db29beae224067e963ec8b442ba5b7174","Kristie","Maynard","4958 Duke Trafficway Suite 980, East Joyce, IN 13374","21098.19"
"46","joshuakent@yahoo.com","pbkdf2:sha256:600000$8vMCwvT0e6rNXP0g$651aacf2856af421857cba481d6686ea8550e3dff071f54d8c570201d5eb2c77","Billy","Graham","PSC 3697, Box 7450, APO AP 79601","94151.26"
"47","laurie57@hotmail.com","pbkdf2:sha256:600000$6VihIiigqAvhzbTa$6c7f1cfe17d8785981a7e9fd99ca0cdaf1b73a9b7951991ea8e4409ea5c8e81c","Amber","Wallace","83780 Flores Pine, Lake Joanne, OH 32464","8523.97"
"48","alopez@yahoo.com","pbkdf2:sha256:600000$ECkE5k7vFnnflrTn$134160ebc028ff39751195818d7244c49218ec94488b6960804e92b662ab18f0","Alexandra","Rowe","57155 Booth Knoll Apt. 633, New Steve, PA 56456","93052.07"
"49","heathercrawford@yahoo.com","pbkdf2:sha256:600000$bzJAm0xIPJTfELcD$354f648fb5171aa13d56d797780af27c743c8074903b2463e69311db5a84e550","Miranda","Reid","84614 Martin Throughway Apt. 422, Jasonshire, OR 21365","1249.44"
"50","jenkinsmatthew@gmail.com","pbkdf2:sha256:600000$O9jpYu20Anl8C23V$0c564596ccec20ce91e99df9abfd49d0414674103af539f5cecc83f83aec28ba","William","Bass","3236 Gonzalez Ford, New Juanborough, NY 13836","95548.37"
"51","armstrongcolleen@gmail.com","pbkdf2:sha256:600000$SI4YoISoJEsAPgwd$ef5860ffc4b0dbcf16248f19057a6e301a4bd03ef0a091a2ce87c0a7cd453163","Sandra","Powell","475 Rachel Light Apt. 640, Bradleystad, SD 88877","19081.98"
"52","tonya31@yahoo.com","pbkdf2:sha256:600000$0gV2gLRPZqynIcSr$5f1080a654718d7ebee35ed693dda524d24b54e3a343e034aaf16e79156b1765","Natalie","Lamb","8253 Leon Way, West Alexandra, MN 51941","19771.21"
"53","floresemily@yahoo.com","pbkdf2:sha256:600000$xe2WIm0aamAFSlEW$6b74fc8e07948b78c5526da4efd40078204fb40f9ffccdaec5e864c11979e7bc","William","Edwards","70754 Strong Camp, Port Ethan, WA 93954","34989.00"
"54","patrick03@hotmail.com","pbkdf2:sha256:600000$4FBzKWgGkrN3dTtZ$370e2bc9762b7dcfc9a78567bf2f998203b77d8f5c4153fbf7892339a289b0f9","Ms.","Edwards","0066 Heather Springs Apt. 563, Kaylahaven, MI 74609","21530.66"
"55","qwilliams@yahoo.com","pbkdf2:sha256:600000$uj5pkp1Ec2vGlNDX$0fce16d0391cf385b44e16a8b10d80ea397f002fdcfa8e1b0e5231be6d553040","Meagan","Graham","071 Carter Mountain Suite 791, Jasonchester, NH 46603","72751.49"
"56","snyderlauren@gmail.com","pbkdf2:sha256:600000$TTB69NQR3q5x3P7F$86d6e7d74938869390472786c028c428356e3d51ffa1682f550ac1ed9c1ff171","Brianna","Gill","583 Ann Hills Apt. 225, North Justinchester, NY 33827","82156.12"
"57","sydneywagner@yahoo.com","pbkdf2:sha256:600000$aA0Eyh0iOBlCLQb5$21dc945e03030ac3dedefa3402352a17a894ee2e92854eb5c06e68be48f830e2","Adam","Burns","9906 Leslie Manors Suite 325, Mckayside, FM 37483","33163.23"
"58","quinnryan@hotmail.com","pbkdf2:sha256:600000$fYH2HHgSYjGErdri$91060a22ea87815b9c0f1f637c94d4156e91c6a3109c89bbbbce75be5d46d464","Jessica","Reid","8505 Christopher Oval Apt. 380, South Coryberg, PR 62974","99496.08"
"59","prollins@hotmail.com","pbkdf2:sha256:600000$YT9OiJSub05EYSrb$cb87fb8ccf44aefc236b48ac4658275adc21ec1af89cc987f0829a8c647d3146","Jaclyn","Sanders","1034 Jason Corner Apt. 239, Walshport, MH 20992","38702.79"
"60","trobinson@gmail.com","pbkdf2:sha256:600000$wLJXWl3TnK9yxpGx$cd4040b0ee40993300f1ee354fb060248b5ab5d450e8253d330bf31a287446b7","Dr.","DVM","831 Wilson Center, Lucaston, NV 90343","28909.99"
"61","mjohnson@hotmail.com","pbkdf2:sha256:600000$IjvXoT1NpkbDlaoy$79eea86918ca58a9b5a2bd4e261520b844e0ded7c7b2b7eda3e3d900f00bca51","Kevin","Cruz","698 Daniel Common Suite 684, South Steven, SC 84883","99488.75"
"62","russell73@gmail.com","pbkdf2:sha256:600000$fNHqu4nGZv5gyUQt$507c72ac02414a1fa6fd61b0ef308c51ddf23a49f8e3cda359ba483e89ffd1c5","Thomas","Austin","70212 Erin Creek, Port Ronniehaven, MH 03316","26216.58"
"63","sandovalmelanie@hotmail.com","pbkdf2:sha256:600000$wW9WZpk58kX2G88k$fa7697a175c656ec31f559c91b619e748a516f7cadde2e3a14016e16b6e74042","Anthony","Johnson","780 Sanchez Forks, Kristinehaven, KY 99177","6533.35"
"64","saraperez@yahoo.com","pbkdf2:sha256:600000$WQHM2fE4eIfi0lbk$520836f43beccc4e4a62e94f8264d2056cae297eaa72633c870f29498719ff58","Olivia","Meyers","9708 Harris Ville, North Mark, VI 64810","18964.98"
"65","marydaniel@yahoo.com","pbkdf2:sha256:600000$K4jTKlLbzRFztN0m$c73e6c5dec644844428f9622b17be2f07574e29b735cf13413d685a8f87d45da","Tonya","Jacobs","734 Johnson Lakes, Tiffanyshire, KS 31092","45844.67"
"66","cmoore@yahoo.com","pbkdf2:sha256:600000$TcLvAGnLnDLGWYaC$81308b45eca59a92431d7964fa845d8c37e1dd3b1bcee7e6175eb5e2c8eef68e","Joshua","Whitney","54924 Susan Pine Suite 431, Wilsonside, NM 98475","52481.03"
"67","scottalexa@gmail.com","pbkdf2:sha256:600000$lZ8tvesVmfAl71Pt$31199fad83e5312c9edd93700199683167bc7d66fed0fd7c0ec38c150ef31a5b","Diana","Woods","9920 Candice Fall, Port Anthonymouth, AK 93360","46166.53"
"68","opark@gmail.com","pbkdf2:sha256:600000$FQDDBa3g4a5Zgv90$d519944a86978258e8ae1eefd0905473fcb798014768e373bae89f95d57c9523","Robert","Allen","451 Katie Row Apt. 782, South Jacobfort, DC 03907","32390.55"
"69","timothyrichards@yahoo.com","pbkdf2:sha256:600000$Hg3kX0AbYNxmTmlx$5a7a732ab56984161fd2cb180b902e0618f470c44bbb88784b1ad3e01873d839","Daniel","Clark","861 Lori Mount, Paynemouth, OH 29937","496.23"
"70","claytonperry@yahoo.com","pbkdf2:sha256:600000$wu2v6UHwoCG9A8WW$dac2620694526ebf1e80bf2cc76119f48c761cbf54103355e6b3de223e80ad74","Kevin","Edwards","Unit 7882 Box 0107, DPO AE 27623","59018.84"
"71","gleach@gmail.com","pbkdf2:sha256:600000$j0XQpz9ODLC64HQK$d7abae568fbc67845511473f583177f6fa9e7ae2ded3e567410f262f7a3bfa39","Carl","Jones","09043 Jordan Mission Suite 349, Mcculloughport, NV 29230","98616.63"
"72","sharris@gmail.com","pbkdf2:sha256:600000$WGXBZtG5rdgeDdnp$4ba321cb3d1541833d02983f7438a6f4a91a5f223e4db578a446bf44c74db2d9","Jonathan","Whitney","65659 Kirby Island Apt. 019, Rodriguezmouth, SC 29288","55552.55"
"73","ppollard@yahoo.com","pbkdf2:sha256:600000$kdoC4kZrplAwxq6u$14114d70f4c8d24a147ecb5ec73fad861ba64c07f75bfa6526e52b4e4cc26f11","Teresa","Robinson","PSC 5243, Box 1466, APO AA 61440","11832.73"
"74","cynthia69@gmail.com","pbkdf2:sha256:600000$0KyGZ8tBXslm3Q98$b6d9bea867a5884253745c555c33ab951c034346165c74315b865643e0c479a8","Jenna","Davis","4173 Wells Garden Apt. 105, Thomaston, CT 13358","47426.45"
"75","adunlap@hotmail.com","pbkdf2:sha256:600000$oCfzxqrb0qhYMqvs$c1e3e18c33ac6192134d677f01dc5e7c989b378379cd7875263cb4da1279628c","Ronald","Rangel","USS Jackson, FPO AE 41935","92965.96"
"76","michelehicks@gmail.com","pbkdf2:sha256:600000$ojjloD1w7ErOerP3$80d8ca26255b02f080e31d95d8b4c2d14e2fe4846f81c1695902c43fe7ab82ec","Laura","Johnson","14780 Robinson Views, Matthewsfurt, AZ 73923","8389.50"
"77","greenbrent@yahoo.com","pbkdf2:sha256:600000$tEys5EeykcvQpwhx$6867eb2b969d9fa86455e3d0d04c819a86ade5d9c410f01740202cbfdb8a1d61","Christine","Murray","29575 Christopher Radial Apt. 164, North Matthew, MA 63168","86833.61"
"78","wpeterson@yahoo.com","pbkdf2:sha256:600000$EdsDBX03lDV5WDdH$c99b68336d57f12c62a5b025b5f7239b5c0e12c9827695cb4100db5675426dcb","Debra","Ruiz","730 Joshua Knolls Apt. 997, Rhondabury, PR 03706","28426.49"
"79","ojohnson@yahoo.com","pbkdf2:sha256:600000$jHgPjRmpjk7m6Sr5$5f1b682825274e23952dda74239b2209ebd2e30714f8c84b2ff7930c6c1f21de","Crystal","Williams","415 Ruben Creek, North Grant, ID 26782","85183.43"
"80","margaret52@gmail.com","pbkdf2:sha256:600000$knkHEaP9koGmoBnj$af93e5041595969ccbc11e96648e4e66e252d8363a45a426accf5a28904a486c","April","Huffman","6159 Mary Parkways Suite 452, North Jamesland, MD 29524","47263.88"
"81","jwalker@yahoo.com","pbkdf2:sha256:600000$PozzB6xwcbxttGeV$bd215288d920dbe7b5008f2deb0a9c6a71eecf5bc5223b8a3c0b0b9a96f5468c","James","Brooks","98448 Laura Overpass, Ronaldview, NJ 06050","87798.57"
"82","robertsonnancy@hotmail.com","pbkdf2:sha256:600000$pHpcJxRNLIuJWKnq$359bf196e46e2aa1ac354016f79f3f5eca44b0ebd93c578d0f27a1183b02ae3f","Shawn","Pearson","18519 Blanchard Key, New Adam, ND 45067","66671.80"
"83","wrubio@gmail.com","pbkdf2:sha256:600000$AaIlWanMjabqU1uV$d1200bbea8788a944bcc369f1bdc716db13befb115797ae4e09b5a2c028dca65","Christopher","Strong","2099 Martin Mountain Apt. 475, Melissachester, NC 08966","67430.64"
"84","joshua50@yahoo.com","pbkdf2:sha256:600000$bv5RQheCMRO4tqzo$4386b599e077bec801b39aa3fa692c1a8f6f13b28a02d8d2df47763d88638c8d","James","Lane","USS Harvey, FPO AE 80138","2138.66"
"85","logandillon@gmail.com","pbkdf2:sha256:600000$01WJk2RwJxYE8ICo$ec5d045c9ae46be8eed1427c17f2d48ee3b458f963ee6f187395a11a0695c88b","Amber","White","6675 Mccoy Trail Apt. 718, Derrickmouth, AZ 58714","69257.73"
"86","gregory68@yahoo.com","pbkdf2:sha256:600000$1K0guVF4rWCqDFhs$dfb713cf2ca448a06110d0436535a7969d0c5b8354e726249075ec04d82427c0","Penny","Blanchard","1508 Phillips Loaf, Waltersstad, AS 62978","88305.33"
"87","angela22@gmail.com","pbkdf2:sha256:600000$miiBd6FdUhuidJI8$1df9bb392f73a78ae2ba94b708279813a6137bbcad627bfdc5e8a8f4016f3bb5","Michelle","Snyder","34479 Perez Circle, Port Jeremy, MI 44354","93717.43"
"88","browningalfred@gmail.com","pbkdf2:sha256:600000$KTS0QCk4IVHFY6bJ$c8a890c65d7f6363037e19c693b2fa0fb07a74acbb210d54c9d00b1898fc71d1","Cindy","Kelley","888 Brian Mills Apt. 202, Zamorafort, CT 87862","58697.93"
"89","michaeldaniels@yahoo.com","pbkdf2:sha256:600000$vhNGFKcdjqlE3KXL$22f440b49e070fd11266f4be9ed356fcd7ec01ef5e88e421e4c4de45272dc2eb","Brian","Hernandez","269 Michael Fall Suite 500, Jasonshire, OH 99068","26979.73"
"90","dalton68@hotmail.com","pbkdf2:sha256:600000$YTUzrDrkcwdGhzzF$22c5110fd2094d7e916073a0df416c04bb9ad122e20120583f9f1615a4b70df1","Robert","Davis","3965 Aaron Neck Apt. 314, New Johnnyton, KS 14454","96385.32"
"91","steinpamela@gmail.com","pbkdf2:sha256:600000$YfoD1nkRFsyfJPRO$6eeb636965a6fe1025e26c582e49d3ae6907435ab26742919c3b4252f6f5392b","Jack","Rice","133 Zuniga Summit, Robertston, WY 82718","6640.61"
"92","uleonard@gmail.com","pbkdf2:sha256:600000$Fx5et96C93SKQEa3$ee666f588c5f096d919cf10bd0cadd0a89897b0777852443c4fbac4823dc5b3e","Jamie","Webb","1698 Judy Hills, Port Isaacport, MN 42777","85967.25"
"93","edward11@yahoo.com","pbkdf2:sha256:600000$AT6LJGzDJZrkz1Ij$ddb2786adf121eb2e3918793fab1cf8d327d09700e38106d63dd1feffab86ec1","Nicole","Clayton","42040 Megan Inlet, Ebonychester, FM 55429","29819.67"
"94","rmiller@gmail.com","pbkdf2:sha256:600000$Usr9mUGjaprrJqnC$09935da9c1a7793385a397a5b4e57cc34d5d3b05a45363216a503aa0e9e2cf8e","Douglas","Simmons","5322 Lewis Ferry, West Joshua, AL 20870","41788.36"
"95","rwebb@gmail.com","pbkdf2:sha256:600000$tgWJxC9bn33UpxyD$6e8f8303d14ce4c68b7f3a9fb94bb4ff79f9ee3983d0a868efb514a0d737665f","Patricia","Wright","51666 Matthew Unions, Williamshaven, DC 40583","49020.28"
"96","delliott@gmail.com","pbkdf2:sha256:600000$mwy0zYJ3l1hW8dqg$2f28472c25aff6d06063cbb79e86b0a429c7a103d03e4ce87ec190d07cd596e9","Randy","Maddox","809 Brian Rapids, Conradfort, IL 03668","50693.79"
"97","ibright@yahoo.com","pbkdf2:sha256:600000$unY0XhkaWsjj5aHT$3cfeeb7681c3bf8b9dca4fc63351d0700bf10ba7ce788fe4175423fc95cb3318","Kelly","Harrison","PSC 1367, Box 4481, APO AE 94984","76632.51"
"98","jdunn@hotmail.com","pbkdf2:sha256:600000$D84wCrAONKH72DLn$0a1e908ea38d54042ab39b022029a2d24f2a73c48addd2cb3d644e4ab1e5ee2f","Anthony","King","31429 Roger Wall Suite 884, Sandersview, OH 44601","61917.12"
"99","andrew62@hotmail.com","pbkdf2:sha256:600000$FgOfxIUXmEIpBqmN$c60ffc9f0e793bd22fc14a6adfa20e0554ca199cc852c317ed7841a24fd904b6","Marie","Richardson","13296 Courtney Street Suite 545, Mosestown, WI 04449","54693.63"
